,SLGCA
AAACAAGTATCTCCCA-1,2
AAACAATCTACTAGCA-1,3
AAACACCAATAACTGC-1,5
AAACAGAGCGACTCCT-1,2
AAACAGCTTTCAGAAG-1,1
AAACAGGGTCTATATT-1,1
AAACAGTGTTCCTGGG-1,5
AAACATTTCCCGGATT-1,2
AAACCCGAACGAAATC-1,4
AAACCGGGTAGGTACC-1,1
AAACCGTTCGTCCAGG-1,5
AAACCTAAGCAGCCGG-1,2
AAACCTCATGAAGTTG-1,6
AAACGAAGAACATACC-1,4
AAACGAGACGGTTGAT-1,6
AAACGGGCGTACGGGT-1,2
AAACGGTTGCGAACTG-1,1
AAACTCGGTTCGCAAT-1,6
AAACTCGTGATATAAG-1,4
AAACTGCTGGCTCCAA-1,1
AAACTTAATTGCACGC-1,5
AAACTTGCAAACGTAT-1,1
AAAGACATGAAGTTTA-1,4
AAAGACCCAAGTCGCG-1,4
AAAGACTGGGCGCTTT-1,2
AAAGGCCCTATAATAC-1,5
AAAGGCTACGGACCAT-1,1
AAAGGCTCTCGCGCCG-1,1
AAAGGGATGTAGCAAG-1,1
AAAGGGCAGCTTGAAT-1,2
AAAGGTAAGCTGTACC-1,4
AAAGTAGCATTGCTCA-1,5
AAAGTCACTGATGTAA-1,2
AAAGTCGACCCTCAGT-1,6
AAAGTGTGATTTATCT-1,2
AAAGTTGACTCCCGTA-1,2
AAATAACCATACGGGA-1,2
AAATAAGGTAGTGCCC-1,4
AAATACCTATAAGCAT-1,1
AAATAGCTTAGACTTT-1,2
AAATAGGGTGCTATTG-1,6
AAATCCGATACACGCC-1,2
AAATCGTGTACCACAA-1,1
AAATCTAGCCCTGCTA-1,2
AAATGATTCGATCAGC-1,4
AAATGCTCGTTACGTT-1,4
AAATGGCATGTCTTGT-1,2
AAATGGCCCGTGCCCT-1,5
AAATGGTCAATGTGCC-1,1
AAATGTGGGTGCTCCT-1,3
AAATTAACGGGTAGCT-1,1
AAATTACACGACTCTG-1,2
AAATTACCTATCGATG-1,2
AAATTGATAGTCCTTT-1,5
AAATTGCGGCGGTTCT-1,3
AAATTTACCGAAATCC-1,2
AAATTTGCGGGTGTGG-1,5
AACAACTGGTAGTTGC-1,6
AACAATACATTGTCGA-1,5
AACAATTACTCTACGC-1,2
AACACACGCTCGCCGC-1,2
AACACGACTGTACTGA-1,2
AACACGAGACGCGGCC-1,1
AACACGCGGCCGCGAA-1,3
AACAGCTGTGTGGCAA-1,5
AACAGGAAATCGAATA-1,2
AACAGGATGGGCCGCG-1,6
AACAGGTAGTATGGAT-1,4
AACATATCAACTGGTG-1,2
AACATCGATACGTCTA-1,4
AACATTGAAGTTGATC-1,5
AACATTGGTCAGCCGT-1,3
AACATTGTGACTCGAG-1,1
AACCAAGACTTCTCTG-1,6
AACCAGTATCACTCTT-1,4
AACCATAGGGTTGAAC-1,5
AACCATGGGATCGCTA-1,4
AACCCAGAGACGGAGA-1,2
AACCCATCCCATGATC-1,5
AACCCGACAACCCGTG-1,5
AACCCGAGCAGAATCG-1,4
AACCCTACTGTCAATA-1,2
AACCCTGGTGGAACCA-1,2
AACCGAGCTTGGTCAT-1,6
AACCGCTAAGGGATGC-1,2
AACCGTTGTGTTTGCT-1,2
AACCTAAAGCCGTCCG-1,4
AACCTCGCTTTAGCCC-1,6
AACCTTTAAATACGGT-1,1
AACCTTTACGACGTCT-1,2
AACGAAAGTCGTCCCA-1,5
AACGATAATGCCGTAG-1,1
AACGATAGAAGGGCCG-1,2
AACGATATGTCAACTG-1,6
AACGCATGATCTGGGT-1,2
AACGCGACCTTGGGCG-1,1
AACGCGGTCTCCAGCC-1,6
AACGCTGTTGCTGAAA-1,2
AACGGACGTACGTATA-1,2
AACGGCCATCTCCGGT-1,5
AACGTACTGTGGGTAC-1,5
AACGTAGTCTACCCAT-1,3
AACGTCAGACTAGTGG-1,6
AACGTGATGAAGGACA-1,2
AACGTGCGAAAGTCTC-1,1
AACTACCCGTTTGTCA-1,4
AACTAGCGTATCGCAC-1,3
AACTAGGCTTGGGTGT-1,1
AACTCAAGTTAATTGC-1,1
AACTCCAGAGCGTGTT-1,2
AACTCCTAATCCCATG-1,2
AACTCGATAAACACGT-1,3
AACTCGATGGCGCAGT-1,3
AACTCTCAATAGAGCG-1,2
AACTCTCAGTGTGCTC-1,5
AACTGATATTAGGCCT-1,6
AACTGGGTCCCGACGT-1,6
AACTGGGTTCGAGCCG-1,4
AACTGGTGTGGGCCTT-1,4
AACTTCTGCGTCTATC-1,2
AACTTGCCCGTATGCA-1,6
AACTTGCGTTCTCGCG-1,3
AACTTTAGCTGCTGAG-1,3
AAGAAGGATCAGTTAG-1,3
AAGACCAAATAACTCA-1,5
AAGACCCAACTGAACA-1,1
AAGACTAACCCGTTGT-1,3
AAGACTCACGCCCACT-1,4
AAGACTGCAAGCTACT-1,1
AAGAGATGAATCGGTA-1,2
AAGAGCTCTTTATCGG-1,1
AAGAGGATGTACGCGA-1,1
AAGAGGCATGGATCGC-1,6
AAGAGGCCCTTTGGAA-1,4
AAGATGGCACCGGACC-1,5
AAGATTGGCGGAACGT-1,6
AAGCACCCTGCGTATC-1,6
AAGCATACTCTCCTGA-1,1
AAGCCGAAGCGGTTTA-1,4
AAGCCGCCGTGAAATC-1,5
AAGCGCAGGGCTTTGA-1,6
AAGCGGCGTCATGGGT-1,4
AAGCGTCCCTCATCGA-1,5
AAGCTAGATCGAGTAA-1,1
AAGCTCGTGCCAAGTC-1,1
AAGCTCTTTCATGGTG-1,6
AAGGAGAACTTATAAG-1,3
AAGGAGCGGTTGGTGC-1,1
AAGGATCGATCGCTTG-1,4
AAGGATGAGGGACCTC-1,6
AAGGCAGGCTGTCTCC-1,4
AAGGCGCGTAAAGCTT-1,6
AAGGCTGTGCTCATCG-1,1
AAGGGAACGACTGGCT-1,5
AAGGGACAGATTCTGT-1,2
AAGGGACTATGCATTC-1,5
AAGGTATCCTAATATA-1,6
AAGGTGATAAACCAGC-1,2
AAGTAAGCTTCCAAAC-1,3
AAGTAGAAGACCGGGT-1,2
AAGTAGTGACGCGAGG-1,6
AAGTCAATTGTCGTCA-1,2
AAGTGACGACCGAATT-1,1
AAGTGAGTCGGGTTTA-1,5
AAGTGCAAAGGTAGAC-1,2
AAGTGCCTTGACTGTA-1,2
AAGTGCGTTAGAATCT-1,5
AAGTGCTTCTCTATTG-1,5
AAGTGTTTGGAGACGG-1,6
AAGTTCACTCCAAGCT-1,2
AAGTTCAGTCTGCGTA-1,4
AAGTTCGGCCAACAGG-1,5
AAGTTTACTAATGGCA-1,4
AAGTTTATGGGCCCAA-1,6
AATAACAACGCTCGGC-1,1
AATAACACTAGAACAA-1,5
AATAAGTCCTCGAGAC-1,4
AATACAATGTTTCAGG-1,2
AATACCGGAGGGCTGT-1,5
AATAGAACAGAGTGGC-1,5
AATAGAATCTGTTTCA-1,6
AATAGCTACCGCGTGC-1,4
AATAGTCCGTCCCGAC-1,1
AATATCAAGGTCGGAT-1,3
AATATCGAATCAATGC-1,4
AATATCGAGGGTTCTC-1,2
AATATTGGAGTATTGA-1,6
AATCAGACTGCAGGAC-1,3
AATCATGTAAAGACTC-1,2
AATCCAAGGGCCTGAG-1,2
AATCCATGCAAGGGTG-1,3
AATCGCCTCAGCGCCA-1,6
AATCGCGCAGAGGACT-1,4
AATCGGGACACTACGA-1,2
AATCGTGAGCCGAGCA-1,2
AATCTAGGTTTACTTG-1,5
AATCTATGCCGGAGCC-1,4
AATCTCTACTGTGGTT-1,6
AATCTGCGTTGGGACG-1,6
AATCTGGCTTTCTAGT-1,5
AATCTGGGTAGACCCT-1,4
AATGACAGCAATGTCT-1,5
AATGACGTAGGATGTC-1,6
AATGACTGTCAGCCGG-1,6
AATGAGTTCGCATATG-1,3
AATGATGATACGCTAT-1,2
AATGATGCGACTCCTG-1,2
AATGCAACCGGGTACC-1,1
AATGCACCAAGCAATG-1,2
AATGGTCCACCGTTCA-1,2
AATGGTTCTCACAAGC-1,2
AATGTATGGCACTGTA-1,5
AATGTGCCCGAGGTGT-1,5
AATGTGCTAATCTGAG-1,5
AATTAAAGGTCGGCGT-1,1
AATTAACGGATTTCCA-1,1
AATTACGAGACCCATC-1,5
AATTACTCGTACGCTC-1,3
AATTAGCGCTGCAGCG-1,1
AATTCATAAGGGATCT-1,2
AATTCATTGTCATGCA-1,5
AATTCCAAGCATGTAC-1,1
AATTCGATTCGAGGAT-1,6
AATTCTAGAGTTAGGC-1,1
AATTGAACGCTCTGGT-1,6
AATTGCAGCAATCGAC-1,4
AATTGCGTGGATTACA-1,5
AATTTGGGACATAGTA-1,2
AATTTGGTTCCAAAGA-1,2
ACAAACCATGCGTCCT-1,5
ACAAACCGACAAGGCG-1,4
ACAAAGCATGACCTAG-1,2
ACAAATCGCACCGAAT-1,6
ACAAATGGTAGTGTTT-1,6
ACAAATTCAGATCTGA-1,4
ACAACAGCATGAGCTA-1,1
ACAACGGTCCCTGCGA-1,2
ACAAGCAGTGCCTAGC-1,6
ACAAGGAAATCCGCCC-1,1
ACAAGGACAAGAGGTT-1,6
ACAAGGATGCTTTAGG-1,2
ACAAGGGCAGGCTCTG-1,1
ACAATAGTCGTACGTT-1,1
ACAATCCATTTAAACC-1,1
ACAATCGATCTTTATA-1,4
ACAATGAATACGGAGA-1,5
ACAATTGTGTCTCTTT-1,2
ACAATTTGAGCAGTGG-1,6
ACACAAAGACGGGTGG-1,6
ACACACCAGGACCAGT-1,6
ACACACTTTCTACACG-1,2
ACACATGATCAAATCT-1,5
ACACATTGACGCAACA-1,3
ACACCCAGCATGCAGC-1,6
ACACCCGAGAAATCCG-1,2
ACACCGGTCTGACCGC-1,5
ACACCTTAAGTAGGGC-1,6
ACACCTTACTACTTGC-1,4
ACACGAGACTCCTTCT-1,1
ACACGGCACTATGCAT-1,2
ACACGGGAACTTAGGG-1,1
ACACGTAGGCCACAAG-1,4
ACACTCCAATGTCACT-1,3
ACACTGATCAAGGTGT-1,5
ACACTGGGACAGTCGT-1,4
ACAGAACTGAGAACAA-1,5
ACAGATTAGGTTAGTG-1,4
ACAGCATAGAGCCAGT-1,2
ACAGCGACATTCTCAT-1,2
ACAGCGCACCCGCAGC-1,2
ACAGGCTTGCCCGACT-1,2
ACAGGTGGAGGTGAGG-1,5
ACAGTAATACAACTTG-1,1
ACATAAGTCGTGGTGA-1,5
ACATAATAAGGCGGTG-1,6
ACATCAGCTGGGACGC-1,2
ACATCCCGGCCATACG-1,1
ACATCCTGGTAACTGT-1,2
ACATCGATCGTTTACC-1,1
ACATCGGTCAGCCGCG-1,1
ACATCGTATGCAATGG-1,6
ACATCGTTAACCTAGT-1,2
ACATCTCAACGCGTAA-1,4
ACATGGCGCCAAAGTA-1,2
ACATGGCTCAATTTAG-1,3
ACATTAGTTTATATCC-1,1
ACCAAACTAGAAATCC-1,4
ACCAACACCACACACT-1,4
ACCAACCGCACTCCAC-1,2
ACCAACGCTTATTTAT-1,5
ACCAAGAACGCGTGTC-1,2
ACCAATATGCAAGTTA-1,6
ACCACAACTCAGAACA-1,2
ACCACAAGTTTCTATC-1,1
ACCACCAATGTAACAA-1,2
ACCACGTGCAGCTATA-1,1
ACCACTGTTCAAGAAG-1,3
ACCAGCCCGGTCTTTG-1,4
ACCAGGAGTGTGATCT-1,3
ACCAGTGCCCGGTCAA-1,4
ACCAGTGCGGGAGACG-1,2
ACCATATCCGCAATAA-1,1
ACCATCCGCCAACTAG-1,1
ACCATCGTATATGGTA-1,1
ACCCAACGCCCGTGGC-1,6
ACCCACCTACATGCTC-1,2
ACCCATCTTGAGGGTA-1,1
ACCCATTTGTCCCTCT-1,2
ACCCGAGCGAAATTAC-1,5
ACCCGGAAACTCCCAG-1,1
ACCCGGATGACGCATC-1,2
ACCCGGTTACACTTCC-1,1
ACCCGTGTCATCAGTA-1,1
ACCCTATAGGACTGAG-1,3
ACCCTATGCCATATCG-1,5
ACCCTCCCTTGCTATT-1,6
ACCCTTCATCTGCGAA-1,2
ACCCTTTAGTTCTCCA-1,2
ACCGAAAGGGCCCTGC-1,4
ACCGAAGAGTCTGGTT-1,5
ACCGACACATCTCCCA-1,1
ACCGACTGAGTCCCAC-1,1
ACCGATGGTAGCATCG-1,6
ACCGCAATAACTGCCT-1,6
ACCGCGGTGGAAGTCG-1,2
ACCGGGCCTTTGTTGA-1,2
ACCGGTCAGGTACACC-1,5
ACCGGTCTGAGTACGG-1,4
ACCGTCCACTGGGCCC-1,5
ACCGTGACCACGTGGG-1,5
ACCGTTCCCGCTCTGA-1,4
ACCTAAGTACCTTTCA-1,5
ACCTAATCGACTTCCT-1,6
ACCTACAGTATGTGGT-1,4
ACCTACTATAAATCTA-1,1
ACCTCCGCCCTCGCTG-1,4
ACCTCCGTTATTCACC-1,4
ACCTCGAACTTATGCT-1,5
ACCTGCGTGTCATGTT-1,1
ACCTTTCCTTTAGAAG-1,4
ACGAAATGGGCGGCAC-1,6
ACGACTGGTCATACTC-1,5
ACGAGAACCCATCACG-1,3
ACGAGATATTTGCTTA-1,2
ACGAGGATACCACTCT-1,5
ACGAGGTTTACAACGT-1,5
ACGAGTACGGATGCCC-1,2
ACGATACATAGAACTA-1,6
ACGATCATACATAGAG-1,1
ACGATCATCTTGTAAA-1,2
ACGATGCATATGTTAT-1,1
ACGATGGATCCGATGC-1,2
ACGCAAACTAATAGAT-1,5
ACGCAATCACTACAGC-1,4
ACGCATACGTTTACTA-1,4
ACGCATTCGTGAGTAC-1,1
ACGCCAGATGATTTCT-1,6
ACGCCCAGCTGTCGAT-1,4
ACGCCGCTAGACGACC-1,1
ACGCGAAGTCAGACGA-1,1
ACGCGCTACACAGGGT-1,1
ACGCGGGCCAAGGACA-1,1
ACGCTAGTGATACACT-1,2
ACGCTGTGAGGCGTAG-1,1
ACGCTTAGTGTCTCTC-1,4
ACGGAATTTAGCAAAT-1,4
ACGGACTCTCAAAGCG-1,6
ACGGAGCGCAAATTAC-1,4
ACGGATGGTGCGGATA-1,6
ACGGCACTTGCTTGGG-1,1
ACGGCCAACATGGACT-1,1
ACGGCGACGATGGGAA-1,6
ACGGCGGGTTGCCCTG-1,3
ACGGCTGGATGTAGAA-1,5
ACGGGAGTGTCGGCCC-1,5
ACGGGTCATGTGACTT-1,3
ACGTACAGATTTCTCT-1,2
ACGTAGATTGCTGATG-1,1
ACGTATTACTCCGATC-1,2
ACGTCCTAAACGAGAT-1,4
ACGTGCGCCTCGTGCA-1,6
ACGTGGTCGAATGTGC-1,4
ACGTTAATGTCGAAGA-1,1
ACGTTAGATTTGCCCG-1,1
ACGTTCCGCGCTCCGT-1,4
ACGTTCGCAATCAATT-1,4
ACGTTCGTTCAGGAAA-1,5
ACGTTCTGTACAAGTC-1,2
ACGTTTAGTTGTGATC-1,2
ACTAATACGTCAGGCG-1,4
ACTACATCCCGACAAG-1,5
ACTACCAGCTCTCTGG-1,6
ACTACGCGTTAGAATT-1,1
ACTAGTTGCGATCGTC-1,2
ACTATATGCTGTGTTC-1,4
ACTATCCAGGGCATGG-1,2
ACTATCTGCCCGCGTA-1,4
ACTATGTCCAGCTGCC-1,5
ACTATTCGTCCGTGGT-1,2
ACTATTTCCGGGCCCA-1,5
ACTCAACGAATGTATT-1,3
ACTCAAGTGCAAGGCT-1,2
ACTCAATAAAGGCACG-1,6
ACTCAGACCTGCTTCT-1,4
ACTCATGGCAGCCTTC-1,5
ACTCCAATATCATCAT-1,5
ACTCCCATTCCTAAAG-1,5
ACTCCCGAATTCGTTT-1,2
ACTCCCTAATGCTAAA-1,1
ACTCCCTAGAATAGTA-1,1
ACTCGTAACCCGTCCT-1,5
ACTCGTCAGTAATCCC-1,1
ACTCTCTGACTTAGGT-1,1
ACTCTCTTATACACGA-1,2
ACTCTTGTATAGTAAC-1,1
ACTGAAACGCCGTTAG-1,2
ACTGAATGGCGAAAGT-1,6
ACTGATTTAGTGATTC-1,4
ACTGCCCGCCATTCTC-1,5
ACTGCCGTCGTAACTC-1,6
ACTGCTCGGAAGGATG-1,5
ACTGTACGATACACAT-1,6
ACTGTAGCACTTTGGA-1,6
ACTGTATACGCGAGCA-1,3
ACTGTCCAGGATTATA-1,1
ACTGTCTTCTTTAGAA-1,1
ACTGTGCTAGTAGATC-1,4
ACTGTTTAGTGTAGGC-1,3
ACTTACCGGGCGCGCA-1,2
ACTTACGCATCCACGC-1,6
ACTTAGTACGACAAGA-1,2
ACTTATACTTACCCGG-1,6
ACTTATCTGATCTATA-1,3
ACTTATTAGGATCGGT-1,1
ACTTATTTATGTGCCA-1,2
ACTTCAGGCTGATCCC-1,6
ACTTCCATGCGGGACA-1,2
ACTTCGCCATACGCAC-1,6
ACTTGACTCCCTCTTT-1,1
ACTTGCCATATTGTAC-1,3
ACTTGGGACCCGGTGG-1,1
ACTTGTAGTCCCTTCA-1,1
ACTTGTGGATGGAACG-1,4
ACTTTACCCTCATGAA-1,2
ACTTTCCTATAGCTTC-1,1
ACTTTGACTGCATCCT-1,6
ACTTTGGTCGTGCTCC-1,5
AGAAATTATGACTCGC-1,4
AGAACCCTCAATTGGG-1,5
AGAACGTGGTACATTC-1,6
AGAAGAGCGCCGTTCC-1,6
AGAAGGTACACTTCAC-1,5
AGAAGGTTGCCGAATT-1,1
AGAAGGTTGTAGGTCG-1,6
AGAAGTGATTCGTGAT-1,5
AGAATAAATCTTCAGG-1,6
AGAATGCGGGTTCGGA-1,4
AGAATTATGGATTCGA-1,2
AGAATTGTTTGACATA-1,2
AGACATAGATCCTTCC-1,3
AGACCAAACCACACCT-1,7
AGACCATGGGATACAA-1,2
AGACCCACCGCTGATC-1,1
AGACCCGCCCTCCTCG-1,1
AGACCGCTCCGCGGTT-1,4
AGACCGGGAAACCCTG-1,1
AGACGAAGTGCCGGTC-1,2
AGACGACGATGCCGCT-1,5
AGACGGGATTGGTATA-1,4
AGACGGGCCGATTTAA-1,4
AGACTAGCCTTCCAGA-1,6
AGACTGTTACCGGGTC-1,5
AGAGAAACACCAGAAA-1,5
AGAGAACCGTCTAGGA-1,6
AGAGAAGGAGTACAAT-1,5
AGAGATCTCTAAAGCG-1,1
AGAGCAGTTATGAGAC-1,2
AGAGCCGCCGAGATTT-1,4
AGAGCGGGCTAATCAT-1,6
AGAGCGTACAAGCTCG-1,2
AGAGGCTTCGGAAACC-1,2
AGAGGTATCTCGGTCC-1,3
AGAGTAAACTTCACTA-1,2
AGAGTTAGAGACCGAT-1,4
AGATAACTTCAGGGCC-1,1
AGATACCGGTGTTCAC-1,1
AGATACGACTTCATAT-1,2
AGATACTCAAGATCGA-1,6
AGATATAATACGACTA-1,6
AGATCGTGCATAAGAT-1,2
AGATCTCAGGTGTGAT-1,1
AGATGACTCGCCCACG-1,6
AGATGAGGGTTGCGAT-1,2
AGATGATGGAGTCTGG-1,2
AGATGCAAGACGTGCA-1,5
AGATGCTATAACGAGC-1,3
AGATTATAGGACGTTT-1,1
AGATTCACAACCGATA-1,5
AGCAAAGGCCGCTAGT-1,6
AGCAACATATCTTATT-1,2
AGCAACCGAAAGTAAT-1,5
AGCACACGTTTAGACT-1,5
AGCACCAGTACTCACG-1,1
AGCACTACCGGCCTGT-1,6
AGCACTACCTCACCAG-1,6
AGCACTTAAGGACGCC-1,6
AGCAGAAGGAGAAAGA-1,1
AGCAGCCAGATGAATA-1,1
AGCATATCAATATGCT-1,2
AGCATCATTTCGAAAG-1,5
AGCATCGTCGATAATT-1,6
AGCCAAGCTTTGTGTC-1,1
AGCCACAGGTTACCCG-1,2
AGCCACTCCCGTGCTT-1,6
AGCCCATACATGTAAG-1,1
AGCCCGGCATTAGAGG-1,5
AGCCCGGTAGCCTGTA-1,5
AGCCCTAAGCGAAGTT-1,2
AGCCCTCCCTGGTGGC-1,5
AGCCCTTCTAATCCGA-1,4
AGCCGTGGCTAAATGT-1,5
AGCCTAATACCCACGT-1,5
AGCCTTAAAGCGGAAG-1,2
AGCGACAGGAACGGTC-1,5
AGCGACATCCCATTCA-1,6
AGCGACCAACGATATT-1,6
AGCGAGACGTGAAGGC-1,5
AGCGATGCGCCTAATA-1,4
AGCGCATAATGAATCG-1,1
AGCGCGGGTGCCAATG-1,2
AGCGCTTATGGGCAAG-1,4
AGCGGACACTTCGTAG-1,1
AGCGGCGGTTAGCGGT-1,5
AGCGGGAAGGGTCCAT-1,4
AGCGGGTCTGACACTC-1,1
AGCGGTTGAGATGTAC-1,4
AGCGTAGCGCTAGACC-1,3
AGCGTCTGAACCCGCA-1,3
AGCGTGGTATTCTACT-1,1
AGCGTTCCGATTTAAA-1,4
AGCTAACAAGCAATGT-1,5
AGCTAAGTACGCAGGC-1,2
AGCTAGAAGCAGAAGT-1,2
AGCTATTTAATCCAAC-1,2
AGCTCCATATATGTTC-1,4
AGCTCCTTCGCACATC-1,6
AGCTCTAGACGTTCCA-1,1
AGCTCTTCCCAGTGCA-1,2
AGCTCTTCGTAACCTT-1,2
AGCTCTTTACTCAGTT-1,1
AGCTGAAGTAAACCAA-1,6
AGCTGTAACCTCAATC-1,5
AGCTTATAGAGACCTG-1,3
AGCTTCAATACTTTGA-1,4
AGCTTGATCTTAACTT-1,1
AGGAAAGCCTCTGATG-1,3
AGGAAGCTGTCCGCCG-1,1
AGGACAGTCGAATCCC-1,6
AGGACATCGCACGTCG-1,2
AGGACGACCCATTAGA-1,5
AGGACGCTCGATGTTG-1,2
AGGAGGCCTTCGCGCG-1,2
AGGATAAAGTCGGGAT-1,1
AGGATATAGGGATTTA-1,2
AGGATCACGCGATCTG-1,5
AGGCAAAGAGGAATCA-1,3
AGGCACGTGACTGTCC-1,4
AGGCAGATGCGTAAAC-1,6
AGGCAGGGAGCGTACT-1,5
AGGCATTGTCGTAGGG-1,2
AGGCCACCCGTTATGA-1,6
AGGCCCATTGTACAGG-1,2
AGGCCCTAGAACGCCA-1,1
AGGCCTGAGAATCTCG-1,2
AGGCGGTTTGTCCCGC-1,5
AGGCGTCTATGGACGG-1,4
AGGCTATGGTTAGCTT-1,2
AGGCTTCCCGAAGAAG-1,5
AGGCTTGCTAGACACC-1,2
AGGGAAACGAGGTACT-1,2
AGGGACAGCACGGCGG-1,3
AGGGACCGGCTGCGTT-1,4
AGGGACTCTACGCGAC-1,1
AGGGAGACATACTTCG-1,4
AGGGCAGCGGCGTGGT-1,2
AGGGCGAGCAGCTGAT-1,1
AGGGCGTGATCGGCTA-1,2
AGGGCTGCAGTTACAG-1,1
AGGGTCAGAGCACTCG-1,5
AGGGTCGATGCGAACT-1,2
AGGGTGCCGTTCTTTA-1,5
AGGGTGCTCTCGAGGG-1,6
AGGGTGGATAGTGCAT-1,2
AGGGTTCCCTTTGGTT-1,6
AGGGTTTAGTTCGGGA-1,1
AGGTAACCTCCTATTC-1,2
AGGTACGATATTGCCA-1,2
AGGTAGATCGAGATAT-1,5
AGGTAGGTACAAAGCT-1,1
AGGTATAATTGATAGT-1,2
AGGTCAGGTGAGAGTG-1,1
AGGTCGCCACTTCGGT-1,3
AGGTCGCGGAGTTACT-1,2
AGGTGGTGACCTTCGC-1,1
AGGTGTATCGCCATGA-1,6
AGGTTACACCATGCCG-1,4
AGGTTCTCCTTTCCGG-1,5
AGGTTGAGGCACGCTT-1,6
AGGTTTCACACACCTT-1,1
AGTAACGTTCATCCTG-1,4
AGTAATGTCTTGCCGC-1,2
AGTAATTTGCAAGCGT-1,5
AGTACATCATTTATCA-1,4
AGTACCTTCGAGTGCT-1,4
AGTACGGCCCGTATCG-1,6
AGTACGGGCACCTGGC-1,6
AGTACGTGGCCTGTCT-1,2
AGTACTCTTATGCCCA-1,2
AGTAGAAGGCGCCTCA-1,1
AGTAGCGTGAACGAAC-1,4
AGTAGCTAGACGCCGA-1,4
AGTAGGAAGGAAGTTG-1,2
AGTAGGTAACATACAT-1,2
AGTATAATACTAGGCA-1,2
AGTATACACAGCGACA-1,1
AGTATCCATAATAACG-1,3
AGTATGCTGGAGACCA-1,5
AGTATTTGGCACGACC-1,1
AGTCAAATGATGTGAT-1,5
AGTCAACACCACCATC-1,1
AGTCAAGATGACACTT-1,2
AGTCACTAGCTCTCGA-1,2
AGTCACTCCGCCTCAT-1,3
AGTCAGCCACCGCCTG-1,2
AGTCCAGCGGGTACGT-1,3
AGTCCATTGGCTGATG-1,2
AGTCCCGCCTTTAATT-1,2
AGTCGACGGTCTCAAG-1,6
AGTCGGCCCAAACGAC-1,6
AGTCGGCTCAACTTTA-1,5
AGTCGGTTGCGTGAGA-1,4
AGTCGTATAAAGCAGA-1,6
AGTCGTCGACCACCAA-1,2
AGTCGTGGGCATTACG-1,5
AGTCTAAAGTATACTC-1,4
AGTCTCACAAGACTAC-1,5
AGTCTGGACATCCTTG-1,2
AGTCTTCTCCTCAAAT-1,6
AGTCTTTAAAGTGTCC-1,6
AGTGAACAAACTTCTC-1,2
AGTGACCTACTTTACG-1,1
AGTGACTGTGACACAA-1,5
AGTGAGACTTCCAGTA-1,6
AGTGAGCCTCGCCGCC-1,2
AGTGAGGGTTTCTGAC-1,2
AGTGATAACCTGCGCG-1,2
AGTGATATGAGTAGTT-1,5
AGTGATTCAAGCAGGA-1,6
AGTGCACGCTTAAGAA-1,2
AGTGCGTAGCTCGTAA-1,5
AGTGCTAAACACAGCA-1,2
AGTGCTTGCACGAATA-1,6
AGTGGCGGCAATTTGA-1,2
AGTGGCGTCTGAAGGT-1,2
AGTGGCTCCGTCGGCC-1,1
AGTGGTGTTACCCGTG-1,7
AGTGTATTGCGCATTG-1,2
AGTGTGCTAAGATCGC-1,3
AGTGTGGTCTATTGTG-1,2
AGTTAAACACTTGCGA-1,1
AGTTAAGCGGTCCCGG-1,2
AGTTAAGTCAACCGCT-1,5
AGTTACCGCACATGGT-1,2
AGTTACTCTATCGTGG-1,2
AGTTATTGAAAGGTAA-1,4
AGTTCCTACAGAATTA-1,1
AGTTCCTATTTATGTT-1,1
AGTTCTGCGTTGTATC-1,3
AGTTGACATCGGCTGG-1,3
AGTTGACGGTCCTTGC-1,1
AGTTGCTGACTGATAT-1,3
AGTTTCGCAGGTCGGA-1,2
AGTTTGCACCTGCCTC-1,6
AGTTTGGCACGGGTTG-1,2
AGTTTGGCCAGACCTA-1,5
ATAAACCATTGGACGG-1,3
ATAAACGGACCCGTAA-1,1
ATAAACGTTGCACCAC-1,4
ATAAAGGCTCGGTCGT-1,1
ATAAAGGTCAAGTACG-1,2
ATAAATATTAGCAGCT-1,1
ATAACGCCGGAGGGTC-1,6
ATAACGGAGTCCAACG-1,6
ATAAGGTGGAGAACAT-1,1
ATAAGTAGGATTCAGA-1,2
ATAAGTAGGGCGACTC-1,2
ATAAGTTACCGCGACG-1,1
ATAATACCGTTAGCCG-1,3
ATAATAGCTGTTGAAT-1,1
ATAATAGTGTAGGGAC-1,2
ATAATCTTGGAGAACC-1,6
ATAATTAGCTAAGTAG-1,1
ATACAGGCCCTCCAAT-1,1
ATACCACGGGCAACTT-1,1
ATACCAGCAAATTGCT-1,4
ATACCAGGCTAATAGA-1,2
ATACCAGGTGAGCGAT-1,3
ATACCTAACCAAGAAA-1,1
ATACGCCGATCTACCG-1,3
ATACGCCGGCGAAACC-1,1
ATACGGAACGTCGTTT-1,5
ATACGGGTTTCGATTG-1,6
ATACGGTGAAGATGCA-1,6
ATACGTACTTAGCCAC-1,6
ATACGTCCACTCCTGT-1,2
ATACGTTATGCACGGA-1,1
ATACTACCCGTACCAC-1,4
ATACTAGCATGACCCT-1,6
ATACTCTCGCCACTCT-1,3
ATACTGCCTTACACCG-1,6
ATACTTGTTCTCGAGC-1,2
ATAGACAACGGGACCT-1,2
ATAGACGAAGAGAAAG-1,1
ATAGAGTACTGGGACA-1,6
ATAGAGTTATCAACTT-1,2
ATAGATTTGCAGTCGG-1,4
ATAGCAACTAGGGAAG-1,2
ATAGCCTCAGTACCCA-1,3
ATAGCTGCTCTTGTTA-1,3
ATAGGAATCTAAGCTT-1,4
ATAGGCGGCTATAGAA-1,1
ATAGGCTAGCTTCGCA-1,2
ATAGGGATATCCTTGA-1,6
ATAGGTTGGGCAGATG-1,1
ATAGTCTTTGACGTGC-1,2
ATAGTGAAGCGTTCTC-1,1
ATAGTTCCACCCACTC-1,2
ATATAAAGCGCTCGTG-1,1
ATATAAATGTAGCTGC-1,6
ATATAACACGGGCGCA-1,2
ATATACGCTCGTGACG-1,4
ATATAGAGTATTGGTC-1,5
ATATCAACCTACAGAG-1,2
ATATCAATTCCAGCCT-1,5
ATATCGGTAGGGAGAT-1,4
ATATCGTGCCAGACCC-1,4
ATATCGTTCCTCGAAC-1,2
ATATCTCCCTCGTTAA-1,2
ATATCTTAGGGCCTTC-1,1
ATATGTCTCCCTAGCC-1,2
ATATTCAGTTAAACCT-1,5
ATATTCCACATAGTGA-1,6
ATATTCCCACAGGTCA-1,2
ATATTGCTGTCAAAGT-1,2
ATATTTAACCCTCAAG-1,1
ATCAAACACTGTTCCA-1,4
ATCAAACGAAGGTTTG-1,5
ATCAATCTGGGCTGCA-1,1
ATCAATGCCGTGGCTG-1,5
ATCACATTAGAATATC-1,6
ATCACGTGCTAATTAA-1,5
ATCACTTCATCCTCGC-1,6
ATCAGACGGCACGCCG-1,5
ATCAGCCTCATGCTGC-1,2
ATCAGCTCGTCCACTA-1,5
ATCAGGTCGCCATTGC-1,4
ATCAGTAGGCAGGGAT-1,6
ATCATAGCCCTATGTA-1,4
ATCATCCAATATTTGT-1,1
ATCATCTGCCCAGTGT-1,4
ATCCAACGCAGTCATA-1,6
ATCCAATGGAGGGTCC-1,1
ATCCACATCGACAGAA-1,6
ATCCACGCTAAATGTT-1,2
ATCCAGAGCAACAACC-1,5
ATCCAGGATTCGTGAA-1,1
ATCCCATCCACAGCGC-1,5
ATCCTACCTAAGCTCT-1,5
ATCCTGAATCGCTGCG-1,1
ATCCTGCGTGGAATGG-1,5
ATCCTGCTGCAGATAG-1,3
ATCGACCCAATACAGA-1,1
ATCGACTCTTTCCGTT-1,6
ATCGCACGATTGTTCA-1,3
ATCGCACGCCGGGAGA-1,1
ATCGCCAGTCAACATT-1,2
ATCGCTGCGTGCAGCA-1,4
ATCGGAGACAGACGGC-1,6
ATCGGCAAGCAGTCCA-1,2
ATCGTGGAAAGTCTGG-1,5
ATCGTTAGCTAGCGGA-1,2
ATCGTTCACTTTCGCC-1,2
ATCTAATATCCTACGG-1,1
ATCTAGCTTGTGAGGG-1,1
ATCTCCCACGGAATAT-1,4
ATCTCCCTGCAATCTA-1,2
ATCTCGTGAGCGAAAC-1,4
ATCTGACATGGAAGGA-1,5
ATCTGATAGTGTCTTA-1,3
ATCTGCACCTCTGCGA-1,2
ATCTGCTGTTATCGCC-1,1
ATCTGGGCTGTTCTTG-1,1
ATCTGGTTAAGACTGT-1,6
ATCTGTAATTGTACCC-1,2
ATCTTAGGGCATTAAT-1,5
ATCTTATCGCACACCC-1,4
ATCTTGACCTGCAACG-1,6
ATCTTGACTTGTCCAA-1,2
ATGAAGCCAAGGAGCC-1,6
ATGACGCCGGCTCTAA-1,2
ATGACGCGTTCTATCC-1,5
ATGACTATCAGCTGTG-1,5
ATGACTATGCGACATT-1,6
ATGAGGAGTGTTAATC-1,6
ATGATCGGGAATAGAC-1,2
ATGATGCAATGGTACA-1,5
ATGCACGCGCTGTTCA-1,5
ATGCACTACCGCATTG-1,6
ATGCATGATCCAGGAT-1,1
ATGCATTCCGTGATGG-1,3
ATGCCAATCGCTCTGC-1,4
ATGCCATTTGCGACCA-1,2
ATGCCGGTCTTGCATA-1,1
ATGCCGGTTGATGGGA-1,2
ATGCGACAATTGGTCC-1,4
ATGCGACAGTCCCATT-1,1
ATGCGAGTCCCACCAC-1,2
ATGCTCAGTGTTGCAT-1,2
ATGCTCTGGCGCGGTA-1,6
ATGCTTAGGAGTTGAT-1,4
ATGGAAATTTAAGGAG-1,5
ATGGAGCAGGCCGTGA-1,1
ATGGATCCGGCGTCCG-1,6
ATGGATTGACCAAACG-1,1
ATGGCAGCATTACGAT-1,5
ATGGCTGGAAATGGCC-1,2
ATGGGAACGGAAGCGG-1,4
ATGGGACCTGCTGAAC-1,5
ATGGGCCTCGGCCTCT-1,2
ATGGGTGTATACCTCC-1,5
ATGGTATTTACTGATT-1,5
ATGGTCGCGTGGTTTC-1,6
ATGGTGCTCAAAGCCA-1,3
ATGTAAGGCTGCTCTT-1,4
ATGTACATGCGGTGAG-1,4
ATGTACGATGACGTCG-1,1
ATGTAGCGCGCGTAGG-1,6
ATGTGAAAGCCTAATG-1,1
ATGTGCATCCGACGCA-1,6
ATGTGGACATCTTGAT-1,1
ATGTGTAGTTTAGTCA-1,4
ATGTTACGAGCAATAC-1,2
ATGTTCGTCGACCCAC-1,6
ATGTTGTAGTCTGTTT-1,5
ATTAAACATGCGGACC-1,1
ATTAATACTACGCGGG-1,6
ATTAATGAACCAGTCG-1,6
ATTAATTCGGTCACTC-1,2
ATTACAACTACCGGCC-1,2
ATTACATGTCAGTCTT-1,4
ATTACCACACTGCCTG-1,4
ATTACGCGCTGGCAGG-1,1
ATTACTAGCCTCTTGC-1,2
ATTACTTACTGGGCAT-1,2
ATTAGATTCCTCAGCA-1,2
ATTAGATTGATAGCGG-1,2
ATTAGGCGATGCTTTC-1,1
ATTATACTTTGCTCGT-1,6
ATTATAGCTACTTTAC-1,4
ATTATCTCGACAGATC-1,2
ATTATGAGACCCAATT-1,5
ATTATGCCATAGGGAG-1,6
ATTATTATGTCCGTCA-1,5
ATTCAAAGTACCTGTT-1,3
ATTCAACCATTTAAGG-1,2
ATTCACTGATGTTGGA-1,1
ATTCAGGACCTATTTC-1,2
ATTCAGGATCGCCTCT-1,4
ATTCAGTAGCAGGGTC-1,2
ATTCATATACTGTCCA-1,1
ATTCATCGTTGAGGCA-1,2
ATTCCCACATAAACAA-1,2
ATTCCTAAGACGTGGA-1,4
ATTCCTCCGCCAGTGC-1,2
ATTCCTTCCAGGCGGT-1,3
ATTCGACGCCGGGCCT-1,1
ATTCGTGCTATCTCTT-1,4
ATTCTCGTCTCTTTAG-1,2
ATTCTGAGTATGAACT-1,2
ATTCTTCGTACTTATG-1,2
ATTGAAGATCTTAGTG-1,1
ATTGACGTAACTCGGT-1,2
ATTGATAGCAACGAGA-1,3
ATTGATCACCACATTT-1,7
ATTGATGAGTCCTAAC-1,2
ATTGCCTATTAGACCG-1,5
ATTGCCTTTATGTTTG-1,2
ATTGCGATCAGTAACT-1,2
ATTGCTGCTCCTCCAT-1,1
ATTGGATTACAGCGTA-1,2
ATTGGGAATATCTTGG-1,2
ATTGTACAACTCGGCT-1,2
ATTGTCGCAATACCTT-1,2
ATTGTGACTTCGCTGC-1,4
ATTTAACTCGTATTAC-1,2
ATTTACAGTTTACTGG-1,6
ATTTACTAAGTCCATT-1,4
ATTTCATTATTTCGCG-1,2
ATTTCCGGGTTCTGCG-1,5
ATTTGCCTAGTTACGA-1,3
ATTTGCGCGAGTAGCT-1,5
ATTTGTCTTGGGAGCT-1,6
ATTTGTTCCAGGGCTC-1,6
CAAACGAGTATCGCAG-1,5
CAAACGGTCGCACTTT-1,6
CAAACGTGGTCTTGCG-1,4
CAAACTACGATAGAGA-1,2
CAAACTATTGAGCTTC-1,2
CAAACTCGCGACGCCG-1,4
CAAAGATTATTGGGCC-1,5
CAAATCTCTCACAAGG-1,1
CAAATGCGGAGTGTTC-1,3
CAAATGTCCTTCCGTG-1,1
CAAATTGTCAGCAAGC-1,2
CAACAGAATAACGCTA-1,4
CAACAGTGCCAAACGG-1,4
CAACATGGCCTGATAA-1,3
CAACCTACCGAGCAGT-1,4
CAACGACCCGTTTACA-1,6
CAACGGTTCTTGATAC-1,2
CAACGTGGTGGAGTCT-1,4
CAACTATATCGAATGC-1,2
CAACTCCAACGTTTAG-1,4
CAACTCCGTAACTTGC-1,4
CAACTCCTTGATCCCG-1,2
CAACTGCTCATCCGAT-1,1
CAACTTGTAGTGGGCA-1,3
CAAGAGGGCGGAGTAC-1,1
CAAGATATTATAACGT-1,6
CAAGCAACGTCGGAGT-1,1
CAAGCACCAAATGCCT-1,6
CAAGCGGCACATAATT-1,1
CAAGGATCGCATGTTC-1,1
CAAGGTCCTATAGGCT-1,4
CAAGTGAACTTTGGTT-1,4
CAAGTGTGGTTGCAAA-1,2
CAATAAACCTTGGCCC-1,6
CAATACGCTCTGAGGC-1,1
CAATATGTAGATTTAC-1,3
CAATATTCTTGACCTA-1,5
CAATCCATTATCCGTT-1,4
CAATCCCTATACCAGC-1,2
CAATCCTGCCGTGGAG-1,3
CAATGCGAGAAGTATC-1,6
CAATGGAATCTACATA-1,2
CAATGGATCTCTACCA-1,6
CAATGGTCGGCCTGGG-1,4
CAATGTGCCAACCCTT-1,4
CAATTAAGGGTGATGA-1,1
CAATTTCGTATAAGGG-1,1
CAATTTGACCGGGAAG-1,3
CACAAGAAAGATATTA-1,4
CACAAGCTAAGAAAGG-1,5
CACAATGAGCTGCTAT-1,1
CACACACGCTAACGAG-1,4
CACACAGCTTGCGCTC-1,4
CACACAGGGATAGATT-1,2
CACACGCGCTGTCTTA-1,6
CACACGTTTCAATGGG-1,4
CACACTTGTATTGCGA-1,3
CACAGAGACGAGGACG-1,5
CACAGCACCCACGGCA-1,1
CACAGCTAGGGAGTGA-1,6
CACAGGGCCATATAGT-1,2
CACAGGGCCGTTGTCA-1,1
CACAGTCCCGCTTCGC-1,4
CACAGTTCGCTTCCCA-1,4
CACATAAGGCGACCGT-1,3
CACATATTAGCAGGAT-1,1
CACATCGTGCACGCGC-1,5
CACATCTCACCGACGA-1,6
CACATGATTCAGCAAC-1,1
CACATGTTTGGACATG-1,3
CACATTCTTTCGATGG-1,2
CACATTTCTTGTCAGA-1,4
CACCAGTCAGCATGCA-1,5
CACCATCGGAGGAGAC-1,2
CACCCAAATCTTATGT-1,2
CACCCACACGTCACCC-1,2
CACCCACGAGGCAATT-1,2
CACCCGGTTTGTGACT-1,5
CACCCTAACAAGATCT-1,6
CACCCTTGGTGAGACC-1,5
CACCCTTTCCTCGCTC-1,3
CACCGATACACCGAGC-1,2
CACCGCCAGAAGGTTT-1,1
CACCGCCGACCAGCGA-1,2
CACCGCGTCCACTCTA-1,4
CACCGGAGATATCTCC-1,4
CACCGGTAGAGACATT-1,5
CACCGTATCCCATCCG-1,2
CACCGTTAGGGATCAC-1,5
CACCGTTGCGCGATAT-1,5
CACCTAATAGAGTCGT-1,2
CACCTAATCAGTTTAC-1,6
CACCTCGATGGTGGAC-1,6
CACCTTGCGAAACTCG-1,6
CACCTTGGCGCCTTTG-1,2
CACGAAAGTTAGTCCC-1,6
CACGACCACAGACTTT-1,4
CACGACGTAATAGTAA-1,3
CACGACTAAAGTTCTG-1,3
CACGATTGGTCGTTAA-1,3
CACGCACAGCGCAGCT-1,6
CACGCAGCGAGGCTTT-1,1
CACGCGGAACTGTTGC-1,2
CACGGCGCGCCAAAGG-1,4
CACGGGATTGAGGGTT-1,2
CACGTCGGCAACCTCT-1,5
CACGTCTATGATGTGG-1,4
CACGTTCGTGCTCTAG-1,6
CACGTTTCGTACACAC-1,2
CACTAAAGTTGCCTAT-1,1
CACTACGGGAGCTGCC-1,4
CACTACTCAGTTCTGT-1,2
CACTCAAGAGCTATGG-1,1
CACTCAGCTCTTGAGG-1,2
CACTCCTATGTAAGAT-1,5
CACTCCTCTCGGTCGG-1,2
CACTCGAGCTGAACAA-1,1
CACTCGGTTAGGAGGA-1,6
CACTCTTCTGCTAGCC-1,2
CACTGACGATTGTGGA-1,1
CACTGTCCAAGTGAGA-1,2
CACTTAATCAGACGGA-1,1
CACTTCGCCACAGGCT-1,2
CACTTCGTCTTATCTC-1,3
CAGAACTTAGCCCTCT-1,6
CAGAATAACACACGGA-1,4
CAGACACCGATCGCTG-1,5
CAGACCTGTAAGTGTT-1,2
CAGACGAACCTGATAC-1,5
CAGAGACGGTCACCCA-1,1
CAGAGCATGAGCTTGC-1,1
CAGAGGCGATGCATGA-1,5
CAGAGTGATTTAACGT-1,2
CAGATACTAACATAGT-1,6
CAGATATGAAGATGAC-1,5
CAGATCATTTAAAGTC-1,4
CAGATCCTGGTTTGAA-1,5
CAGCAGCCCGTTCCTT-1,6
CAGCAGTCCAGACTAT-1,2
CAGCAGTCTGTGCTGC-1,6
CAGCCCTCACAGGCAG-1,4
CAGCCGGGCCCTCTAT-1,2
CAGCCTCCTGCAGAGG-1,6
CAGCCTCTCCTCAAGA-1,2
CAGCGATTCCCTTCAA-1,5
CAGCTCACTGAGACAT-1,1
CAGCTCGACAAGTTAA-1,6
CAGCTCGTGCTTGTGT-1,2
CAGCTGGCGTAACCGT-1,5
CAGCTTAGTAGGTAGC-1,6
CAGGAAGACTTTATAT-1,2
CAGGATATATCGTTGT-1,1
CAGGATCCGCCCGACC-1,3
CAGGCAGTCTTACCAG-1,2
CAGGCCGTTTGGGTGT-1,1
CAGGCGCACGGTGGTC-1,5
CAGGCGCCATGCTAGG-1,1
CAGTAACTATTTATTG-1,2
CAGTAATCCCTCCCAG-1,2
CAGTACATTCTCTAAA-1,2
CAGTACCAGTTTACGT-1,5
CAGTAGCCCACGCGGT-1,6
CAGTAGCGAGGTAGTA-1,3
CAGTCGAGGATGCAAT-1,2
CAGTCTCTCGGCTAAT-1,3
CAGTCTGTATACTGGG-1,1
CAGTGAATAAATGACT-1,6
CAGTGGTTGCACATGA-1,3
CAGTGTCCGCAGAATG-1,2
CAGTGTCGGCTGGCCC-1,2
CAGTGTTAATCTCTCA-1,5
CAGTTCAAATTGACAC-1,1
CAGTTCCGCGGGTCGA-1,2
CATAACGGACAGTCGT-1,2
CATAAGAAGCTTGGCT-1,1
CATAAGCTCTCCGTCT-1,1
CATAATGAGCGGGCGA-1,3
CATACAAAGCCGAACC-1,4
CATACACGGTTCCCAC-1,1
CATACCCGTACCCAGT-1,1
CATACGAACTAGCTGG-1,5
CATACGGCGTCTGGGC-1,1
CATACGGGTGCATGAT-1,3
CATACTATGTAATTGT-1,1
CATACTTAGGCAATAC-1,4
CATAGCCGCCCGGGAT-1,2
CATAGCGTTGCCCACC-1,5
CATAGTACATTGAGAG-1,2
CATAGTAGCATAGTAG-1,2
CATAGTCAAATACATA-1,2
CATAGTCCACAAGAAC-1,5
CATATACTACTGATAA-1,2
CATATAGGTACAGTCA-1,1
CATATGTCAGGCTACG-1,5
CATATTATTTGCCCTA-1,2
CATCATCTACCCGGAC-1,2
CATCATTACCCTGAGG-1,2
CATCCAATATAGTTTG-1,5
CATCCGCAGGCCCGAA-1,3
CATCCTCTCAAAGATC-1,2
CATCGAATGGATCTCT-1,3
CATCGCCCGCGGCCAA-1,2
CATCGGACGGGTTAAT-1,1
CATCTATCCCGTGTCT-1,2
CATCTTACACCACCTC-1,2
CATGAACCGACATTTG-1,4
CATGAACCTCTTATCA-1,4
CATGACTTCGCTGAAT-1,2
CATGAGATGCACTCTC-1,6
CATGATGCACAATTCT-1,6
CATGATGGAAGTTAGC-1,2
CATGCACGTGTTACTG-1,4
CATGCATGGAGACCCT-1,2
CATGCCAACTCGCAAA-1,1
CATGCGACCAGTTTAA-1,2
CATGCGTTAGACAGAA-1,2
CATGCTGGCTCCAATT-1,2
CATGGAAATGGGACCA-1,4
CATGGATTGTCTTCCG-1,2
CATGGCAGGAAGATCG-1,6
CATGGGTATGCCTTAT-1,6
CATGGGTCGGGTGTGG-1,6
CATGGTAAGTAGCGTT-1,1
CATGGTATTAGTTTGT-1,5
CATGGTCTAGATACCG-1,1
CATGTAAGAGACATTT-1,2
CATGTAGGAGCGCCAA-1,4
CATGTCTCATTTATGG-1,6
CATTACGTCGGCCCGT-1,6
CATTATAACAGGGTCC-1,4
CATTATCCCATTAACG-1,5
CATTATGCTTGTTGTG-1,6
CATTCACTGACAGCTA-1,4
CATTCAGGTCAGTGCG-1,3
CATTCCCTAAGTACAA-1,3
CATTGCAAAGCATAAT-1,4
CATTGCGAAATGGGCG-1,6
CATTGTGTGCTAGATC-1,3
CATTTAGCGGACCATG-1,6
CATTTATCGTTCAAGA-1,2
CATTTCTAGCAGACTA-1,2
CATTTGAGTGGTACGT-1,5
CCAAACAGAACCCTCG-1,6
CCAAAGCAGTTGGTTG-1,3
CCAAATAACAAGATTC-1,4
CCAACCTTATGTAACT-1,5
CCAACGATGCACTGAT-1,6
CCAACGCTTGCCAGGG-1,4
CCAAGAAAGTGGGCGA-1,5
CCAAGACTTCTGCGAA-1,6
CCAAGCGTAACTCGTA-1,1
CCAAGGAACAGAGAGG-1,2
CCAATAGTGCCGTCGA-1,1
CCAATCGGTAGATCGA-1,2
CCAATGTCACAGCAAG-1,1
CCAATTACGGGTCGAG-1,2
CCAATTGAATGTTAAT-1,2
CCACAATGTACGTCTT-1,6
CCACACTGAGATATTA-1,1
CCACAGCTGAAATCAT-1,3
CCACAGTACCCATCCT-1,2
CCACATACTGCACCCA-1,4
CCACCAACTTTACTGT-1,5
CCACCCAAGGAAAGTG-1,1
CCACGAATTTAACCTC-1,4
CCACGAGAAGAGAATC-1,6
CCACGGAGCCATAAGA-1,5
CCACGGTGCCCGGTAG-1,2
CCACTAAACTGAATCG-1,3
CCACTGGTGGCTGGTT-1,1
CCACTGTTTGGATTAA-1,4
CCAGAAAGCAACTCAT-1,5
CCAGAGACAAAGCCGG-1,2
CCAGATAGTTGAGTGA-1,6
CCAGCCTGGACCAATA-1,1
CCAGCTACGCCTCATA-1,3
CCAGCTCGAACGCATT-1,1
CCAGCTGATGGTACTT-1,6
CCAGCTTCCGCCCGCA-1,2
CCAGGGACGTGGCCTC-1,1
CCAGTAGTCTGATCCA-1,6
CCAGTCAAATCTCTTA-1,1
CCAGTCCATTATTCGA-1,3
CCAGTCTAGACGGCGC-1,6
CCAGTCTTGTCATAGA-1,1
CCATAAACAACCCGAC-1,2
CCATACCTTTACTTGT-1,2
CCATAGGTTGGCGTGG-1,6
CCATAGTCAGTAACCC-1,3
CCATATGGAAACTATA-1,2
CCATATTGGATCATGA-1,3
CCATCCATACCAAGTC-1,2
CCATCGCAGTTAAACT-1,1
CCATCTCACCAGTGAA-1,2
CCATCTTGTTCACAAT-1,3
CCATGCCCTAGATTTC-1,2
CCATGCCTGTTTAGTA-1,1
CCATGCTCTGCAGGAA-1,2
CCATGGCCCTTGTACC-1,6
CCATGTTCATCTATAT-1,5
CCATTAGCGATAATCC-1,1
CCATTCCCTGCCCACA-1,1
CCATTTCTACCTATTA-1,1
CCCAAACATGCTGCTC-1,6
CCCAACATACGTCGCG-1,1
CCCAACCACACTAACA-1,2
CCCAAGAATGCACGGT-1,4
CCCAAGACAGAGTATG-1,3
CCCAATGAGATTTGCA-1,5
CCCAATTTCACAACTT-1,1
CCCAGAGGAGGGCGTA-1,2
CCCAGGTCTGAAGGCT-1,4
CCCAGTAAACTTGGGA-1,5
CCCAGTTAAGGCGCCG-1,6
CCCGAAGTTTCGCGAA-1,1
CCCGACCATAGTCCGC-1,6
CCCGAGTTTCTCCGTA-1,4
CCCGCAGCGCGAACTA-1,1
CCCGCAGGGCCCAAAG-1,2
CCCGCCATGCTCCCGT-1,2
CCCGCGCAATGCACCC-1,2
CCCGCTAGAGGGTTAA-1,4
CCCGGGTCGTTCAGGG-1,1
CCCGGTGGAAGAACCT-1,2
CCCGGTGTATCGGAAT-1,5
CCCGTAAGTCTAGGCC-1,1
CCCGTAGCTGGGAAGA-1,5
CCCGTCAGCGTCTGAC-1,6
CCCGTTTCGCAGATGT-1,4
CCCTAGTGTCAGGTGT-1,3
CCCTATGTAGAGCAGA-1,5
CCCTCATTCTGGAATT-1,2
CCCTCCTCGCTCGTAT-1,2
CCCTCGGGAGCCTTGT-1,3
CCCTGAAATGAGTTGA-1,1
CCCTGACTAACAAATT-1,6
CCCTGATGTAACTCGT-1,3
CCCTGCCCAATCCGCT-1,1
CCCTGCGCTACGCATA-1,6
CCCTGGTATGGGCGGC-1,2
CCCTGTTGGCAAAGAC-1,3
CCCTTCTCGTACGCGA-1,3
CCCTTTAATGGAGTTC-1,4
CCCTTTGACAGGTCTT-1,1
CCGAAAGTGGTGAGCA-1,2
CCGAACACTGGGCCTC-1,1
CCGAACCTTCCCGGCC-1,1
CCGAAGTATATTGTTC-1,2
CCGACAAACACATGAG-1,3
CCGACAAAGGGAGTGC-1,6
CCGACAATAGGCCGCC-1,4
CCGACGGGCATGAGGT-1,5
CCGACGTAAACACAAC-1,2
CCGACTCGCATAGTCT-1,4
CCGAGAAGTCGCATAA-1,4
CCGAGCTGTGCTTGTC-1,4
CCGAGGGATGTTAGGC-1,4
CCGATCTCAACCTTAT-1,2
CCGATTCGAGGGACCC-1,1
CCGATTGGTCAATGAA-1,4
CCGCACAAAGACCAAC-1,1
CCGCACGTGACCTCGG-1,2
CCGCATGTGGTACGAT-1,1
CCGCCACCACAATCCA-1,4
CCGCCGGAACTTCTCG-1,5
CCGCCGGTCAACACAC-1,2
CCGCCGTTGAGGATAA-1,4
CCGCCTGCGAATTGGT-1,2
CCGCGATTTGGTAGGT-1,6
CCGCGGAATGCGTCAC-1,5
CCGCGGGTACGAAGAA-1,6
CCGCGTAGGTAAGGGC-1,2
CCGCTATCAGCACCAG-1,1
CCGCTCTTCCGAACTA-1,2
CCGCTGGTGCCATTCA-1,2
CCGCTTACCTCACTCT-1,5
CCGCTTCGCGGTTAAC-1,3
CCGCTTGCTGACATGG-1,4
CCGGAATGGTTTCAGT-1,2
CCGGAGCGTACTTTCT-1,1
CCGGCACGACCGTTTC-1,4
CCGGCGCATATTGGAT-1,2
CCGGCGTGAGACTCTG-1,1
CCGGGACCCGCAGAGA-1,2
CCGGGCGGTCTCGTCA-1,1
CCGGGCTAAGAATTTC-1,5
CCGGGCTGCTCCATAC-1,6
CCGGGTTCGAGGTTAC-1,1
CCGGTAATGGCTAGTC-1,4
CCGGTTTGTAATTGTG-1,5
CCGTAAGTTGGTCCCA-1,1
CCGTACCCAAGCGCCA-1,4
CCGTAGGAAATCCCTG-1,2
CCGTAGGGTTGTTTAC-1,4
CCGTATCTCGTCGTAG-1,5
CCGTATTAGCGCAGTT-1,4
CCGTCAACCTCTGGCG-1,5
CCGTGCCCATGACGGC-1,2
CCGTGGAACGATCCAA-1,2
CCGTGTTAAATTCCAT-1,5
CCGTTACGTTAGAACA-1,2
CCGTTCCGAATCTCGG-1,1
CCTAAACAGGGTCCGT-1,3
CCTAAAGGCTGACGCT-1,2
CCTAAATTAACGGTTC-1,1
CCTAAATTGTATCCTA-1,4
CCTAACCCAAACAAGT-1,2
CCTAACTAAGGCTCTA-1,2
CCTAAGTGTCTAACCG-1,3
CCTACAAGTCCGGAAT-1,4
CCTACATTCACAGACG-1,5
CCTACGCGACCTTACA-1,4
CCTACGGCTCAGTCGA-1,2
CCTACTGCTTACACTT-1,6
CCTAGGCGTAGCGATC-1,6
CCTAGGTAAAGGTAGC-1,7
CCTAGTTAGTCGCATG-1,2
CCTATAATGAGTGCCC-1,6
CCTATACCGTCCTGTC-1,5
CCTATATCGTGTCACG-1,5
CCTATATTTGTCCTGG-1,1
CCTATCTATATCGGAA-1,6
CCTATGAAGTGGTGCC-1,4
CCTATGGCTCCTAGTG-1,5
CCTATGGGTTACCGTC-1,1
CCTATGGTCAAAGCTG-1,1
CCTATGTCCACTCCAC-1,2
CCTCACCAATCTTGAC-1,2
CCTCACCTGAGGGAGC-1,2
CCTCACCTTAGCATCG-1,2
CCTCATGCAGCTACGA-1,3
CCTCCCGACAATCCCT-1,2
CCTCCGACAATTCAAG-1,6
CCTCCTAGCTAGAGTC-1,5
CCTCCTGTTGTGTCGT-1,2
CCTCGAAGTGGACGGG-1,2
CCTCGACCCACTGCCT-1,4
CCTCGCCAGCAAATTA-1,6
CCTCGCGCGATATAGG-1,2
CCTCGCGCTGTGCGAT-1,1
CCTCGGACCGGGATAG-1,6
CCTCGGATGCTACCTG-1,2
CCTCGGTTTCCTTGCC-1,5
CCTCTAATCTGCCAAG-1,6
CCTCTACAAGGATTGG-1,5
CCTCTATCGATTAGCA-1,5
CCTCTCTCCCATCTAG-1,1
CCTCTGGCCTAGACGG-1,2
CCTCTGTACTATTCTA-1,1
CCTGAACGATATATTC-1,6
CCTGAATATTTACATA-1,6
CCTGACCACCGATGGT-1,1
CCTGACGCAACCTTTA-1,4
CCTGCGTTCTACGCTT-1,2
CCTGCTATTTGAGAAG-1,6
CCTGGAAACGTTCTGC-1,4
CCTGGCTAGACCCGCC-1,6
CCTGGTCGAATGTGGG-1,1
CCTGTAAGACATGATA-1,1
CCTGTACTCACGCCCA-1,1
CCTGTCACCCGGGCTC-1,1
CCTGTCCCTCACGTTA-1,4
CCTGTCGCCCGTAAAT-1,1
CCTGTGCATAGGAGAC-1,3
CCTGTGCGGATTGTAA-1,4
CCTGTTTGAAGACACG-1,2
CCTTCAGTTAAAGTGA-1,5
CCTTCGTATAGAATCC-1,1
CCTTCTCAGCGTTCCT-1,1
CCTTCTTGATCCAGTG-1,6
CCTTGACCACTTTATT-1,4
CCTTTAAGGGAGCACT-1,5
CCTTTCAATGAAGAAA-1,2
CCTTTGAATTATGGCT-1,5
CGAAACATAGATGGCA-1,2
CGAAACGCAATTCATG-1,1
CGAACAGTATGGGCGT-1,2
CGAACCCGCATGCGTC-1,5
CGAACGCCCAGTGCCG-1,2
CGAACGGCCGGACAAC-1,1
CGAAGACTGCCCGGGA-1,3
CGAAGCTATAAATTCA-1,2
CGAAGGGTTTCAGATT-1,5
CGAAGTTGCTCTGTGT-1,1
CGAATCTGCTCGACGC-1,5
CGAATGAAGTCATTGC-1,5
CGAATGACGCATAATG-1,1
CGAATTACATGGTGTT-1,4
CGACAATTTGATCTAA-1,2
CGACACGCTCCGACAG-1,2
CGACAGTTCGCGTTAT-1,1
CGACATGCGATCTTCT-1,2
CGACCCTTAACGCCGG-1,1
CGACGCATCCGTACCT-1,7
CGACTCAGGATGTTAT-1,6
CGACTTTGTATAGCCT-1,2
CGAGACCCTAGAGTGT-1,1
CGAGAGATGTGAACCT-1,1
CGAGAGCGCGTAGATA-1,1
CGAGAGCTTTCACTAC-1,2
CGAGAGGGTAGCCGCG-1,4
CGAGATGTTGCCTATA-1,3
CGAGATTTCGCTCGGG-1,4
CGAGCACTTCAAGTTT-1,2
CGAGCGTTGATCAGCC-1,2
CGAGCTGGGCTTTAGG-1,6
CGAGGCCAGGCATTGG-1,3
CGAGGCTAAATATGGC-1,1
CGAGGGACTGCGGTCG-1,1
CGAGGGTATCCAGGTG-1,1
CGAGTACTAAAGAGGA-1,5
CGAGTGAAGGTACCAG-1,5
CGAGTGCTATAGTTCG-1,4
CGAGTTCTGTCCCACC-1,6
CGAGTTTATCGGACTG-1,2
CGATAATACTCAGGTT-1,4
CGATACCTCGCGGACA-1,1
CGATAGCGATACAGTG-1,5
CGATAGTCGTACTGCA-1,2
CGATATTAGCCGCAGG-1,3
CGATCCGACCCAGTGC-1,1
CGATCCTCGCAACATA-1,5
CGATCTGTTGGAGGAC-1,5
CGATGGACCCTACGCC-1,2
CGATGTTGTTATCTAC-1,5
CGATTAAATATCTCCT-1,1
CGATTCGCCTGGCTGC-1,1
CGCAAACACGAGTTAC-1,6
CGCAATTACTTTCGGT-1,2
CGCAATTAGGGTAATA-1,6
CGCAATTCTACAATAA-1,2
CGCACATGTCCACTAC-1,6
CGCACGTCTGTTTATG-1,5
CGCACGTGCGCTATCA-1,2
CGCAGAAACATTTGCG-1,2
CGCAGATCTTCACCCG-1,4
CGCAGGCGATCCAAAC-1,2
CGCATCATGGCTTCAG-1,2
CGCATGGTGCGATGCT-1,1
CGCATTAGCTAATAGG-1,1
CGCCAAGAAGCCGAGT-1,1
CGCCACAGGTCGCGAT-1,7
CGCCACCCGCATTAAC-1,3
CGCCATCCGATTATGA-1,6
CGCCCAGCACGCCTAG-1,5
CGCCCAGCGTTTCACG-1,2
CGCCCGCTTCCGTACA-1,2
CGCCCTAATTGTTCAA-1,5
CGCCCTTACATCCACC-1,4
CGCCCTTGAAGGCTGA-1,2
CGCCGCCCATGCCTGT-1,6
CGCCGCGTTCTGAACG-1,5
CGCCGTTCAGCATAGT-1,4
CGCCTCCCTCCTCTAT-1,1
CGCCTGGCCTACGTAA-1,1
CGCCTTTAGCATGCTC-1,4
CGCGAAGTGGCATACT-1,2
CGCGACCGCGACAGAT-1,6
CGCGAGAGGGACTTGT-1,4
CGCGAGTCTGCCGGGT-1,5
CGCGCAAATGTCCAGA-1,5
CGCGCAAGGAACTACA-1,3
CGCGCATGTTTGATTG-1,1
CGCGCCCGACTTAATA-1,6
CGCGGCAGTATTACGG-1,3
CGCGGCTCAACTTGAA-1,2
CGCGGGAATTAGGCAG-1,6
CGCGGTCACAAACCAA-1,4
CGCGTCATATTAAACC-1,4
CGCGTGCTATCAACGA-1,3
CGCGTTCATGAAATAC-1,1
CGCTACGGGACATTTA-1,1
CGCTAGAGACCGCTGC-1,2
CGCTATACCGCCCACT-1,2
CGCTATTCAATGTATG-1,2
CGCTATTCTTAGGCTC-1,1
CGCTCGACATAATGAT-1,2
CGCTCTCCGTAGATTA-1,1
CGCTGAGGACGTCCAA-1,3
CGCTGGTGACTACCCT-1,2
CGCTGTGACGCCGCAC-1,6
CGCTGTGTGGATGTTG-1,5
CGCTTAGTATTGATAC-1,1
CGCTTATTCCCGGTCG-1,1
CGCTTCCACTGAAATC-1,2
CGCTTTCATACCGGTG-1,2
CGCTTTCTTGCATTCG-1,6
CGGAAAGAATCAAACG-1,5
CGGAAATTTCACATCC-1,4
CGGAACGTAAACATAG-1,5
CGGAGCAATTTAATCG-1,1
CGGAGCATGGCGATCC-1,1
CGGAGCTTATAACACC-1,2
CGGAGTTTGAGAGACA-1,6
CGGATAAGCGGACATG-1,2
CGGATCCTCAAGGACT-1,6
CGGCAAACATCGTGCG-1,1
CGGCAATAAGATCGCC-1,4
CGGCACCGTTAGCGCC-1,2
CGGCACTCAAGAAAGT-1,3
CGGCAGGGTCGGGTTG-1,2
CGGCCACGCACAAAGT-1,1
CGGCCAGAGCGACCAT-1,1
CGGCCCAACCTGTAGT-1,4
CGGCCCAGGTATATCC-1,2
CGGCGCCATCAATCCC-1,2
CGGCTCTAAAGCTGCA-1,4
CGGCTCTTCGTCGAAC-1,2
CGGCTGCAAGATTAAG-1,4
CGGCTTTGTATGATAA-1,2
CGGGAATATAGTATAC-1,2
CGGGAATTTATGTAAA-1,1
CGGGAGCTTCAGTGTA-1,2
CGGGAGTATACCGCCG-1,2
CGGGATCAATGTAAGA-1,6
CGGGCAGCTAAACCGC-1,1
CGGGCCATAGCCGCAC-1,3
CGGGCCTTCTTTGTAA-1,1
CGGGTGTACCCATTTA-1,6
CGGGTTCGGCACGTAT-1,3
CGGGTTGTAGCTTTGG-1,3
CGGGTTTGTTAGGGCT-1,4
CGGTACTAGAATCAAA-1,6
CGGTAGAGGTGCAGGT-1,2
CGGTATAGGTATTAGC-1,4
CGGTCAAGTGGGAACC-1,6
CGGTCCGTCGCAAGCC-1,1
CGGTCTATCAACCCGT-1,2
CGGTGAAGACTAAAGT-1,6
CGGTGCAGATAGAACG-1,1
CGGTGCGCGTTGGTCC-1,5
CGGTGGGCTCCAGCCT-1,2
CGGTGTACTTGATCCC-1,2
CGGTTATCCAACAGTG-1,2
CGGTTCAAGTAGGTGT-1,2
CGGTTCCGGCTTCTTG-1,3
CGGTTGACCTGGCATA-1,1
CGGTTGAGTATCCTTC-1,5
CGGTTGGGTTCAAGTT-1,4
CGGTTTATGAAGGAAC-1,4
CGTAAACGCTTGAGTG-1,3
CGTAACTTCGACACTT-1,1
CGTACCTGATAGGCCT-1,6
CGTAGAGAGTAATTAT-1,2
CGTAGCGAATTGTCAG-1,2
CGTAGCGCCGACGTTG-1,4
CGTATTAAGAGATCTA-1,1
CGTCAAGGCTATAAAT-1,2
CGTCAATCTTTAACAT-1,3
CGTCACGTCCATTGGT-1,5
CGTCAGTGCGCACAAG-1,2
CGTCAGTTTATCGTCT-1,3
CGTCATACCATATCCA-1,2
CGTCGCATGTGAGCCA-1,6
CGTCGCGGCGGGATTT-1,3
CGTCGCTTGGTTATAC-1,5
CGTCGGATAGTGTTGA-1,2
CGTCGGGTCTAAGCGC-1,5
CGTCGTCCTTCGCGAA-1,6
CGTCTGGAAGGGCCCG-1,2
CGTGAAGTTAATTCAC-1,1
CGTGACATTGGGTCGT-1,2
CGTGACCAGTCCTCTG-1,1
CGTGCAGACTGGGACA-1,1
CGTGCATTGTCGACGC-1,1
CGTGCCCGACATTTGT-1,3
CGTGCCCTCCCGAAGA-1,1
CGTGCTTCTACCTAAA-1,5
CGTGGCCGAATATCTA-1,2
CGTGGTACCCAAAGGC-1,5
CGTGTCCCATTCGCGA-1,6
CGTGTCTCGTTACGAC-1,5
CGTGTGTTAAACCCTG-1,4
CGTTAAACTAGTTAGG-1,4
CGTTAATGTCCCGACG-1,2
CGTTAGCTCACAACTG-1,2
CGTTCAGACCCGCGAA-1,1
CGTTCATGGTGCGCGT-1,5
CGTTCTTCGCACACCT-1,4
CGTTGAATACCGCGCT-1,6
CGTTGAGCGACCGTCG-1,1
CGTTGAGTAATTGCGT-1,4
CGTTGCCCGCGTGGGA-1,5
CGTTGTAAACGTCAGG-1,2
CGTTGTAAGATTGATT-1,4
CGTTGTCGGCAATTGA-1,1
CGTTGTTTCAATTCCC-1,1
CGTTTAAGCGGAGCAC-1,2
CGTTTCACTTCGGGCG-1,2
CGTTTCGCTCATTACA-1,1
CGTTTGTGTAGAGGGT-1,5
CTAAACGGGTGTAATC-1,3
CTAAAGAATGCCTACT-1,1
CTAAAGGGAAATAGGA-1,1
CTAAAGTCCGAAGCTA-1,3
CTAAATCCGGTGTACA-1,5
CTAAATCCTATTCCGG-1,6
CTAACCGCGCGCCCGT-1,1
CTAACGAAACTTGCTG-1,2
CTAACTGATAATCGCC-1,4
CTAACTGGTCCGGTTC-1,5
CTAAGGGAATGATTGG-1,1
CTAAGTACAGGGCTAC-1,4
CTAATTCGCACGCGCT-1,6
CTAATTCTCAGATATT-1,2
CTAATTTCAACAACAC-1,2
CTACAAGAAATAACCC-1,5
CTACACTAGCTTGTTC-1,3
CTACACTCGCAGATGG-1,2
CTACATATCGCGGGAC-1,5
CTACCCTAAGGTCATA-1,6
CTACGAACTAGGTCGA-1,2
CTACGACTAGCTATAA-1,1
CTACGATCCTATCCTA-1,5
CTACGCACGGAGTACC-1,1
CTACGCCATTTCCGAT-1,2
CTACGTGTTGCCACCA-1,3
CTACTATCATAGGTTT-1,5
CTACTATCTTTCAGAG-1,2
CTACTCAAGGTATAGT-1,5
CTACTCTAGGCCCGGC-1,6
CTACTGCCACCTGACC-1,1
CTAGACATATATGTAG-1,4
CTAGACTGCATTTCGT-1,4
CTAGATAAACTCCTCG-1,3
CTAGATGTGAGTGTAA-1,2
CTAGATTTACGACGGC-1,1
CTAGCAACTAATTTAC-1,3
CTAGCATAGTATAATG-1,1
CTAGCCGATGTTATGA-1,2
CTAGGCGCCCTATCAG-1,2
CTAGGCGGCAGAGAAT-1,3
CTAGGGATAGGGACAA-1,5
CTAGGTCTGAAGGAAT-1,2
CTAGGTTCGGACGTGA-1,1
CTAGTAGAAAGGGATT-1,6
CTAGTATTCGGAATTA-1,2
CTAGTCACGTCTTAAG-1,1
CTAGTGAAGGACAGGA-1,1
CTAGTTACAACCCGGT-1,1
CTAGTTGGGCCCGGTA-1,1
CTATAAGAGCCAATCG-1,2
CTATAGGCGTTGATGT-1,5
CTATCGACGAAATACA-1,2
CTATCGGGTCTCAACA-1,1
CTATGCCCGAATGCAA-1,1
CTATGGGAAGCGGAAT-1,4
CTATGTCACTAGCCCA-1,1
CTATGTCTATTGAAAC-1,2
CTATGTGAGTCACGGC-1,1
CTATTCATGTGTCCCA-1,1
CTATTGTGTTTGGTCA-1,4
CTATTTGCTTGGAGGA-1,1
CTATTTGGTTACGGAT-1,6
CTCAAACCACTGCCCG-1,5
CTCAACTAACCCGGAT-1,2
CTCAAGACATTAGCGC-1,4
CTCACATTTACTAAAT-1,1
CTCACTGTGATACTTA-1,6
CTCACTTGGCTGGTAA-1,1
CTCAGGACTCACCTGT-1,2
CTCAGTCACGACAAAT-1,2
CTCATGGCTCACAATC-1,2
CTCATGGTAATTTGCG-1,5
CTCATTGCTCTAACAA-1,6
CTCATTTGATGGGCGG-1,6
CTCCCAATGAGTCGCG-1,4
CTCCCTCCTTTCGATC-1,5
CTCCGCCCACATGAGG-1,5
CTCCGGCCTAATATGC-1,6
CTCCGGCTTGTAGACA-1,3
CTCCTAAGTTATGTCT-1,3
CTCCTCCAGCTCACAC-1,1
CTCCTGTTCAAGGCAG-1,4
CTCCTTTACGCAAGTC-1,4
CTCGAATGGAACGTAT-1,4
CTCGAGACATACGATA-1,5
CTCGAGGTCGAACAGT-1,1
CTCGATATTTGCGAGC-1,2
CTCGCACCTATATAGT-1,6
CTCGCATTGCATAGCC-1,5
CTCGCCGAATGTAGGG-1,1
CTCGGGCATCGTCGGG-1,4
CTCGGGTTCTCTGGCC-1,5
CTCGGTACCACTGCTC-1,6
CTCGGTCCGTAGCCTG-1,2
CTCGGTTGTCGGCCCT-1,5
CTCGTCGAGGGCTCAT-1,5
CTCGTTACGGCTACCA-1,5
CTCGTTTCTAATGTTT-1,2
CTCTAATGCATTGATC-1,4
CTCTACACTGGCGATT-1,1
CTCTAGCCCTCGGAAA-1,2
CTCTATTTGGCTGCAG-1,1
CTCTCACAATCGATGA-1,1
CTCTCGATGTGCGCCT-1,4
CTCTCTAACTGCCTAG-1,5
CTCTGCGAAGCAAGCA-1,2
CTCTGGACGCCTGGTG-1,1
CTCTGTGCCTGCTATG-1,3
CTCTGTTTGAGGATTC-1,2
CTCTTCTATTGACTGG-1,2
CTCTTCTGGAAGTTAG-1,5
CTCTTGTCCCGCTTGG-1,1
CTGAAAGAGATCCGAC-1,6
CTGAATCCGAGACCTC-1,1
CTGAATTTATTGCCAG-1,4
CTGACATAGAAATAGA-1,4
CTGACTGCGCAGCTCG-1,2
CTGAGAAAGTTCGGCG-1,4
CTGAGCAAGTAACAAG-1,3
CTGATAGTGTATCTCA-1,2
CTGCAAATGGGCTCCA-1,4
CTGCAAGCACGTTCCG-1,4
CTGCACAACTACATAT-1,6
CTGCACCTGGAACCGC-1,2
CTGCACTCCAGTACAG-1,1
CTGCAGAGAATCAGAG-1,4
CTGCCAAGGTTGGAAG-1,6
CTGCCATGCATCACAT-1,1
CTGCCTAGCCACCAAG-1,2
CTGCCTTTAATACCTT-1,5
CTGCCTTTCTAGTAAA-1,2
CTGCGGGTGAAATGTT-1,6
CTGCGGTAGTCACGTG-1,2
CTGCGTTACGATATAA-1,2
CTGCTGAGGCCACGAA-1,5
CTGCTGTCTAACGAGC-1,4
CTGCTTGGCGATAGCT-1,6
CTGCTTTATGTCCGCG-1,4
CTGGAAATGGATGCTT-1,1
CTGGAAGACACGGTGG-1,6
CTGGACGCAGTCCGGC-1,5
CTGGATTTACACTTGA-1,1
CTGGCATCCGAATGAG-1,5
CTGGCGACATAAGTCC-1,2
CTGGCGCACAGGTCTG-1,6
CTGGCGGGAATAAGTA-1,2
CTGGCTCCTGCGGGAT-1,3
CTGGCTGATTCATCCT-1,2
CTGGCTGCTAACGTAA-1,3
CTGGCTGGTTGTCAGT-1,1
CTGGGATAAATAATGG-1,6
CTGGGATACGCTACCC-1,4
CTGGGATCGCCCAGAT-1,4
CTGGGCACTAGTCGGA-1,4
CTGGGCCTGCTATATC-1,1
CTGGGCGGCCAAATGT-1,4
CTGGGTAGGCAGTTAA-1,6
CTGGGTTGAGTTAAAG-1,5
CTGGTAAAGTGTGGGC-1,4
CTGGTAACACATAGAA-1,6
CTGGTAACGAGCTCTT-1,2
CTGGTCATTCCAATCC-1,2
CTGGTCCTAACTTGGC-1,2
CTGGTGAATGGGCCTA-1,5
CTGGTTCAACGCATCA-1,3
CTGGTTTCGAGCAAGA-1,6
CTGTACTTCTTAGCAT-1,1
CTGTAGCCATCTCACT-1,5
CTGTAGTGAGGATCGA-1,5
CTGTATGGTGTAGAAA-1,2
CTGTCAAATGGCTCGG-1,6
CTGTCACGCCAGGCGC-1,4
CTGTGCAGGGTAGGTC-1,1
CTGTGGTCGGGAGATA-1,2
CTGTTACCCAATCTAG-1,1
CTGTTCACTGCCTGTG-1,6
CTGTTCATCTCACGGG-1,2
CTGTTGTTCAGTCGTA-1,5
CTTAACTTCGAAGTAC-1,2
CTTACACGGTATTCCA-1,1
CTTACACTGGGAAATA-1,2
CTTAGCCTTCCACATG-1,6
CTTAGGTATAGACCAG-1,5
CTTAGTAGGCCTACAG-1,2
CTTAGTGTAGTAGCAT-1,6
CTTAGTTGAGGAATCG-1,5
CTTATGCGCTCAGGGC-1,1
CTTATGTTGACTACCA-1,3
CTTCAACTCCACTTGG-1,6
CTTCAGTGGTCGCCTA-1,5
CTTCATAGCTCAAGAA-1,2
CTTCATTGTCAGTGGA-1,1
CTTCCGCTCCGTGAAG-1,5
CTTCCTGCATATTTAC-1,3
CTTCGGCCAATTGTTT-1,4
CTTCGTAGATAGGTGA-1,1
CTTCGTGCCCGCATCG-1,3
CTTCTATGTTGAAGTA-1,5
CTTCTATTAATGCTAG-1,5
CTTCTGGGCGTACCTA-1,5
CTTCTTACGTCGTATA-1,2
CTTGACCCGAAAGATA-1,2
CTTGAGGTTATCCCGA-1,3
CTTGAGTTAGGGTAAT-1,2
CTTGCAACCGCCTCCT-1,1
CTTGCCCAGGCTCTAC-1,1
CTTGGCCAAGCTGGGA-1,1
CTTGTACTTGTTGACT-1,6
CTTGTCAACATTCGAG-1,1
CTTGTCGTACGTGTCA-1,3
CTTGTGAGGACAGCGG-1,3
CTTGTGAGTCTTTGAC-1,3
CTTGTGCTCACCGATT-1,2
CTTGTTGCTGAGTCAA-1,6
CTTGTTTATGTAGCCA-1,2
CTTTAACTTTCAAAGG-1,6
CTTTAATATTGGTCGA-1,1
CTTTACCGAATAGTAG-1,6
CTTTAGGAACACTGTT-1,6
CTTTAGTGCTATTATT-1,1
CTTTCTGTGCGGGCTT-1,1
CTTTGAAACATATTCC-1,4
CTTTGCATCGCTCTTG-1,2
CTTTGGCGCTTTATAC-1,6
CTTTGGCTTTAGTAAA-1,1
CTTTGGGATTGTTGCA-1,5
CTTTGTCGAATGCTCC-1,5
GAAACAGATGACCACC-1,2
GAAACAGCCATGCAGT-1,2
GAAACATAGGAAACAG-1,5
GAAACCATGGTGCGCT-1,4
GAAACCGAATTACCTT-1,5
GAAACCTATACAAATG-1,1
GAAACTCGTGCGATGC-1,2
GAAACTCTAATGAAGG-1,2
GAAAGAACAGCGTTAT-1,2
GAAAGCAGTGCACTTT-1,1
GAAAGCCCTTTGGACC-1,6
GAAAGTGACTAACTGC-1,2
GAAATACCTGCTGGCT-1,2
GAAATACTAAACGTTT-1,2
GAAATATCACCATCAG-1,6
GAAATATGCTTGAATG-1,4
GAAATCGCGCGCAACT-1,6
GAAATGGCGGTGTTAG-1,1
GAAATGGGATGTAAAC-1,3
GAAATTAGCACGGATA-1,2
GAAATTCACATCGCTG-1,2
GAAATTGTCTCTATAA-1,1
GAACAACTGGGATGAA-1,2
GAACACACATCAACCA-1,6
GAACAGATTACTAAAT-1,1
GAACCATCTGGGAGAC-1,3
GAACCCTCTGTGTTCT-1,1
GAACCTCGACCTACAC-1,1
GAACCTTTAACGATCC-1,6
GAACGACCGAATGATA-1,6
GAACGCGGGTCACACG-1,4
GAACGTCTCATGGTCG-1,6
GAACGTTAGGAAGACG-1,6
GAACTGTGGAGAGACA-1,1
GAACTTAGCGCCCGGT-1,4
GAAGAAACGATATTGT-1,5
GAAGAACGGTGCAGGT-1,2
GAAGACTTCAATGCCG-1,4
GAAGCAAGGCAATGTT-1,3
GAAGCCACTGATTATG-1,1
GAAGCCTGCACATTCC-1,1
GAAGCGTGAGGAATTT-1,1
GAAGCTCGGACCCGTC-1,5
GAAGCTTGCTGACCGC-1,6
GAAGGACTAAATTGAA-1,3
GAAGGAGTCGAGTGCG-1,1
GAAGGGCATAACCATG-1,3
GAAGTCAGTTGCACTA-1,1
GAAGTCTCCCTAGCGA-1,6
GAAGTGATTTATCGTG-1,1
GAAGTGCTGGATAGCT-1,2
GAAGTTTCCACTCAAT-1,1
GAATAGACGCGACCCA-1,2
GAATAGCATTTAGGGT-1,4
GAATAGCCCTGCGGTC-1,4
GAATAGTGCTCGATTA-1,5
GAATATTCGGAGTCCC-1,2
GAATCGACATGGTCAC-1,6
GAATCGCCGGACACGG-1,4
GAATCTATACTCGGAC-1,4
GAATCTGAACATTCTC-1,1
GAATGCCGAAATGACC-1,2
GAATGCGAATCGGTTC-1,1
GAATGTATGGCAGGTC-1,2
GAATGTGGTCCGGATT-1,6
GAATGTTGGGTAATCT-1,6
GAATTATAGTGAAAGG-1,1
GAATTCACCCGGGTGT-1,1
GAATTTCTCGCTGCAG-1,6
GACAAACATATGCAGG-1,2
GACAACGACCATTGAA-1,6
GACAACGCAGCTTACG-1,6
GACAAGAGATGAGATT-1,4
GACACAAGGGAAGAAA-1,1
GACACGAGTTAGAGGA-1,2
GACACTGAGTTCAGTG-1,5
GACACTGGAACCCGAT-1,4
GACAGATTTCTGGCTC-1,1
GACAGCCAGACCTGAC-1,6
GACAGGCACACACTAT-1,1
GACATCCGTCGAACTG-1,6
GACATCGATTTATAAC-1,5
GACCAAACGTTGACTG-1,4
GACCAGAGCCCTGTAG-1,1
GACCAGGTCATTCATA-1,4
GACCCAATTATGATAC-1,5
GACCCGTCGCCGGCTA-1,2
GACCGACGTGAAAGCA-1,4
GACCGACTGAAGCGTC-1,6
GACCGATTAAATATGT-1,5
GACCGCGTCTGACGTG-1,4
GACCGTCAGGTCGTGA-1,2
GACCGTGCTGACGGTG-1,1
GACCTTCCACGTCTAC-1,6
GACGACGATCCGCGTT-1,1
GACGAGGCTAATAAAC-1,2
GACGCATACCCGTCGG-1,5
GACGCCGTAAAGGCTA-1,1
GACGCCTGTTGCAGGG-1,3
GACGCTTGCTTCTAAA-1,1
GACGGACCGCGTTCCT-1,3
GACGGGATGTCTTATG-1,3
GACGGGTTGGCCCGTA-1,1
GACGGTCAATAGAAGC-1,2
GACGTGAGACTCCATG-1,3
GACGTGTAGGGATTAT-1,6
GACTAACACAGCACCT-1,2
GACTAAGATCATGCAC-1,6
GACTAAGTAGGCTCAC-1,6
GACTACAAAGCGGTGG-1,5
GACTACAATTGCTCGT-1,2
GACTAGGCCGTTAGGT-1,6
GACTCACCCACGTGAG-1,2
GACTCCCAGAATAAGG-1,4
GACTCCTTCCAATTGA-1,5
GACTCGCGGGAATGAC-1,2
GACTCGGTCGGCGGAT-1,4
GACTGATTGGTCACAA-1,4
GACTGCAAATCGAGCT-1,6
GACTGCACCAGCCCAG-1,6
GACTGCGGCACGTGTA-1,2
GACTGCTGGTGAGAAA-1,5
GACTGGGCGCCGCAAC-1,4
GAGACTGATGGGTAGA-1,1
GAGACTTCGCGACCGA-1,1
GAGAGGGCGCGAGGTT-1,1
GAGAGGTGCATTCTGG-1,1
GAGAGTCTCGGGAGAG-1,5
GAGATCTGCTTGGCAT-1,1
GAGATCTGTCACTCCG-1,1
GAGATCTTCCATGACA-1,1
GAGATGGGAGTCGACA-1,1
GAGCACCTGTGTCCAG-1,6
GAGCATCAACAACTTG-1,5
GAGCATCATCCCTGGG-1,2
GAGCCACGGTAGTAGG-1,4
GAGCCAGCTACCTGTG-1,2
GAGCCGAGCGTTTATT-1,4
GAGCGAGGGAGTACCG-1,2
GAGCGCAAATACTCCG-1,4
GAGCGCGCACGAGTAG-1,2
GAGCGCTATGTCAGGC-1,3
GAGCGCTGTTAGGTAA-1,5
GAGCGGAATGCGGTGT-1,5
GAGCTAAGGGCATATC-1,6
GAGCTCTCGGACCTAA-1,2
GAGCTGTCGTCTCGGA-1,4
GAGGAATGGAGAGGTT-1,2
GAGGAGATCCTCATGC-1,3
GAGGAGTAATTCCTAC-1,3
GAGGATAAACAGTGCT-1,4
GAGGCCCGACTCCGCA-1,5
GAGGCCTGTTGATACA-1,4
GAGGCTATCAAAGTCG-1,6
GAGGGAGTCAGATCGC-1,5
GAGGGCATCGCGTATC-1,3
GAGGGCGCAGCTCTGC-1,6
GAGGGTAGTAACAAAG-1,5
GAGGTACATCCATCTT-1,2
GAGGTACGCGTGTCCC-1,1
GAGGTCCCAAAGATCT-1,2
GAGGTCTTAGTGGGTC-1,4
GAGTAAACCGGAAAGT-1,4
GAGTAAGGCCACGGGA-1,1
GAGTACGGGTATACAA-1,2
GAGTAGATACTAGTTG-1,1
GAGTATGCCCGCCTTG-1,5
GAGTATGCGCGTGCAT-1,6
GAGTCAGACCAGAATC-1,5
GAGTCCGCTTACCGGA-1,1
GAGTGTCAACCAGAAA-1,6
GAGTGTGCGGTACCCA-1,6
GAGTTGATGGCAATTT-1,5
GAGTTGTCACCAGTCT-1,5
GATAAATCGGTGGATG-1,2
GATAACTCGCACTGTG-1,6
GATAAGGCAGATGCAA-1,3
GATACGATGGGAGTCA-1,5
GATAGGTAACGTTGAC-1,1
GATAGTGCGAGTAAGT-1,5
GATATCTCATGCAATA-1,2
GATATGAGACACTAAC-1,6
GATATGCGGTAGCCAA-1,2
GATATGGATTACGCGG-1,2
GATATTGAGATTGGCG-1,2
GATATTTCCTACATGG-1,2
GATCAACATAAAGGGA-1,5
GATCATTCCAAACATT-1,1
GATCCCTTTATACTGC-1,1
GATCCGGGAATTAACA-1,1
GATCCTAAATCGGGAC-1,2
GATCCTCGACACTGGC-1,5
GATCCTCTTGCGCTTA-1,2
GATCGACACTATCTGA-1,6
GATCGCGGGCTCTCCA-1,1
GATCGCTACCCGATTT-1,2
GATCGCTATATCTCAG-1,5
GATCGGATAGAACCAT-1,1
GATCGGCGATAAGTCG-1,2
GATCGGTGGCCATAAC-1,1
GATCGTGACTGATATC-1,1
GATCTCGACGCTGTGG-1,4
GATCTGCTATCTAAGG-1,1
GATCTTGGAGGGCATA-1,1
GATCTTTGCAGGGTAT-1,1
GATGACAAGTAGGGCA-1,5
GATGACGATGATCGCG-1,4
GATGAGGAACCTTCGG-1,6
GATGATTTGAAACTGG-1,3
GATGCCACACTACAGC-1,3
GATGCCAGCAGAAGGC-1,2
GATGCCTTCTGCGGCA-1,5
GATGCGTCCTGCATTC-1,1
GATGCTACAAGCGCCT-1,2
GATGCTGTATTTCATC-1,1
GATGGCGCACACATTA-1,2
GATGGTGCCCTAGGCA-1,2
GATGTAACGAACCACC-1,5
GATGTCCGGATCACAT-1,3
GATGTCGGTCAACTGC-1,2
GATGTGTTGTCACAAG-1,2
GATGTTCAATCCACGA-1,1
GATGTTTGTGCGAGAT-1,2
GATTAACCGAAAGCCC-1,2
GATTAATCCTGGCTCA-1,3
GATTACTGAATTTGGG-1,1
GATTCCCTTGTCGCAG-1,1
GATTCCGCGTTTCCGT-1,2
GATTCCTATACGGCGC-1,2
GATTCGACGGTTCACG-1,1
GATTGACACTCTGCTC-1,4
GATTGCTCCAGTTGCA-1,5
GATTGGGAAAGGTTGT-1,6
GCAAACCCTACATTAT-1,6
GCAAACCTTGGCCATA-1,1
GCAAACGTAAGCGACC-1,5
GCAAACGTCGCCAGGT-1,4
GCAAAGGGCGTTAGCC-1,5
GCAAATATTACGCTTT-1,1
GCAACACACTAGAACT-1,1
GCAACAGCAGTATGCG-1,2
GCAACCACCAGACCGG-1,2
GCAACCACGGCCGCGT-1,1
GCAACGGCTAGTTATG-1,4
GCAAGAATTCCTTGGC-1,5
GCAAGATGTGTTCGCG-1,4
GCAAGTGCACAGAGAA-1,6
GCAAGTGTAAAGCATG-1,5
GCACAAACCCTAGATG-1,5
GCACAAACGAGGCGTG-1,4
GCACAACCTCGGGCGT-1,5
GCACAAGTGTCGGAAG-1,2
GCACACACTGGTAGCC-1,2
GCACACGCCCATGGTC-1,6
GCACAGCACGGGCCGA-1,5
GCACGCCTACTTAGAT-1,5
GCACGTGGTTTACTTA-1,4
GCACTAGTCGCGCTAT-1,2
GCACTGCCTACCTTTA-1,1
GCACTGTGCAAATGTA-1,3
GCAGACCCAGCACGTA-1,2
GCAGATCCATAAGACT-1,6
GCAGATCCTCGCAAAT-1,2
GCAGATTAGGGATATC-1,1
GCAGCACACAGCCCAG-1,1
GCAGCCTATATCACAT-1,4
GCAGCGGTGGGCATTA-1,3
GCAGGAACTTAGATCT-1,5
GCAGGACTATAGAATA-1,1
GCAGGTAGAGTATGGT-1,2
GCAGTGTGGCTATAGG-1,6
GCATACGAGGTCTTTA-1,6
GCATAGAGCACTCAGG-1,1
GCATCCCTAACTTTGA-1,2
GCATCGGCCGTGTAGG-1,2
GCATGAGGGACGCGGC-1,6
GCATTCAAGGCAACGC-1,4
GCATTCGAAATGAACA-1,2
GCATTGTAATTCATAT-1,1
GCATTTCCAAGGCTCC-1,4
GCCAACCATTTCCGGA-1,2
GCCAAGAATACTTCTG-1,1
GCCAATAGGGCATCTC-1,2
GCCACAATTTAAGGAC-1,5
GCCACTCAGAGCGCGA-1,2
GCCAGGAAAGAACACT-1,5
GCCAGGAGTAACCGAT-1,2
GCCAGGCGTTCGCATG-1,2
GCCATATTGCACACAG-1,2
GCCATCGAGCTGCGTG-1,5
GCCATCGATGCTGCAT-1,4
GCCATTAGCCTCAAAC-1,5
GCCCACCAAGGCTGTC-1,4
GCCCAGTTGGTATGCC-1,2
GCCCATGGGTGCAATG-1,4
GCCCGACTTCTTCCCG-1,5
GCCCGAGAGTCTAAAT-1,5
GCCCGATCTGTGGTCG-1,1
GCCCGCGCGTAAACGG-1,5
GCCCGCGCGTTTGACA-1,2
GCCCGTAATACCTTCT-1,6
GCCCTAGCCGTCGCGA-1,5
GCCCTGAGGATGGGCT-1,6
GCCGAAATTCCTACGT-1,1
GCCGACCCACGACTGC-1,5
GCCGATTGGCCAAGCT-1,1
GCCGCATTAGTCCGGC-1,6
GCCGCTAGATACGCAG-1,4
GCCGCTTGTGAGAAAC-1,1
GCCGGAAACACATCTT-1,3
GCCGGGTTAGGGTCGC-1,1
GCCGGTTTGGGCGGAT-1,3
GCCGTCGGTTTCGGGC-1,5
GCCGTGGAAGAAATGT-1,4
GCCTAGCGATCTGACC-1,2
GCCTATAGTGTCAGGG-1,6
GCCTATTCCGATATAG-1,2
GCCTATTTGCTACACA-1,4
GCCTCATCTGGAAATA-1,2
GCCTCCGACAATTCAC-1,2
GCCTCTATACATAGCA-1,6
GCCTGCTACACTGAGA-1,4
GCCTTCAGCCCTACCG-1,2
GCCTTGTATATGCAGT-1,3
GCCTTTGTCAGTGGAC-1,5
GCGAAACGATCGGGAG-1,2
GCGAAACTTAACTGGA-1,6
GCGAAGAATCTGACGG-1,2
GCGAAGCCATACCCGT-1,1
GCGACATGTAAACATC-1,2
GCGACCCAACCATCTG-1,5
GCGACGATAGTTGTAC-1,1
GCGAGAAACGGGAGTT-1,3
GCGAGAGGCCATGTAA-1,4
GCGAGAGTTGCGTCCA-1,2
GCGAGCGCATGCTCCC-1,2
GCGAGGCCCGAGCAGA-1,1
GCGAGTTCTGCAAAGA-1,1
GCGATTCTGGAAGCAG-1,2
GCGATTGTTAACGTTA-1,1
GCGCAAATATATTCAA-1,5
GCGCAAGAGCGCGCTG-1,2
GCGCATCCAGTCAGCA-1,2
GCGCCGTTCCACGATA-1,1
GCGCCTCCCACTCCGA-1,4
GCGCGGTCTAGTAACT-1,1
GCGCGTCATTGGTACA-1,6
GCGCTAAGTATGCATG-1,4
GCGCTAATTGAATAGA-1,1
GCGCTATGCCGAGGCA-1,5
GCGCTGATCCAGACTC-1,2
GCGCTGCTTTGCATTT-1,2
GCGCTTAAATAATTGG-1,2
GCGGACCGCGTTGTGG-1,5
GCGGAGAAACTTCGCA-1,5
GCGGAGAGGGAGAACG-1,6
GCGGCAAAGTATTGCC-1,5
GCGGCTCTGACGTACC-1,1
GCGGGAACCAGGCCCT-1,2
GCGGGCGAGCCTTACC-1,5
GCGGTCCCTAGACGCA-1,2
GCGGTGAACTGCGCTC-1,2
GCGGTTCCCTATCATG-1,5
GCGTAAATGGCCATAA-1,2
GCGTCCCTAAGACATA-1,5
GCGTCGAAATGTCGGT-1,6
GCGTCGCCAGGGTGAT-1,1
GCGTCTCTGCATTGGG-1,1
GCGTGGTACTGGGTTA-1,2
GCGTGTATGTCGTATT-1,4
GCGTTATATTTGGAAC-1,2
GCGTTCGGAGACCGGG-1,2
GCTAAACCTGAGGTGA-1,2
GCTAACTGAAGTCTGA-1,2
GCTAAGTAAAGGCGAT-1,2
GCTAAGTAGTTTCTCT-1,6
GCTAATACCGAATGCC-1,6
GCTACAATCGAGGATA-1,4
GCTACAGTACGGACCG-1,1
GCTACGACTTATTGGG-1,1
GCTACTATAGTAGAGT-1,2
GCTAGACCGTCTACTG-1,2
GCTAGAGTAGAGATGT-1,2
GCTAGCAGGGAGTGGG-1,2
GCTAGCGATAGGTCTT-1,5
GCTAGCTTGAATAGCT-1,5
GCTAGGCACCACGGAG-1,6
GCTAGTAGAGCTTGTA-1,1
GCTAGTTTCATTGAGG-1,2
GCTATACGTCTCGGAC-1,2
GCTATCATACTCATGG-1,6
GCTATCGCGGCGCAAC-1,2
GCTCAATCCGTTTATT-1,5
GCTCAATGTAATACCG-1,1
GCTCATTACTGCATGT-1,2
GCTCCCAGTCGGTCCA-1,4
GCTCCGCTCGCTTCAG-1,4
GCTCCGGACGTTGATA-1,3
GCTCCTGACATACTGG-1,5
GCTCGCGGTTCCGCTC-1,2
GCTCGCTCATGTCCAA-1,2
GCTCGGAATTTAAAGC-1,6
GCTCTAAACCCTGACG-1,6
GCTCTATGTTACGTGC-1,6
GCTCTCGGGTACCGAA-1,1
GCTCTTTCCGCTAGTG-1,1
GCTGAATCTTCCAATC-1,5
GCTGAGGCGTGAGTAT-1,1
GCTGCACGGTTTCTTA-1,1
GCTGCTAAGTAGTCGA-1,1
GCTGCTACTGCGTAGC-1,1
GCTGCTCTCCGGACAC-1,1
GCTGGACCCAAAGTGG-1,4
GCTGGCATATTCACCT-1,6
GCTGGCGGCGCATGCT-1,1
GCTGGGTCCGCTGTTA-1,3
GCTGGTTTAGGCCATA-1,5
GCTGTATTACTGGCCC-1,5
GCTGTCTGTGATCGAC-1,4
GCTGTTGCTACCGAAC-1,2
GCTTAATGTAACTAAC-1,6
GCTTACGTAGTTAGTA-1,4
GCTTATGAAGCAGGAA-1,6
GCTTCCGTCCCTAGAC-1,6
GCTTCGACGTTCAATC-1,5
GCTTGATGATAATCAG-1,2
GCTTGGATCGATTAGG-1,2
GCTTTCAGAGGAGGTG-1,2
GGAAACCTTGTTGAAT-1,4
GGAAACTAAATGGGCC-1,4
GGAAAGTGCCCATGCC-1,2
GGAACCGTGTAAATTG-1,5
GGAACCTTGACTCTGC-1,5
GGAACGGCCTGCAGCC-1,2
GGAACTTTGGCGATTA-1,4
GGAAGCTCGCTTACAG-1,2
GGAATAACCTCAAGAA-1,4
GGAATGCGCTAGCGTG-1,6
GGACACAAGTTTACAC-1,4
GGACCAACAGGATAAC-1,1
GGACCTACGGTAACGT-1,4
GGACCTCTAGGCCGCC-1,5
GGACGGCTTGCGCAAC-1,4
GGACTCGACAGCGCAT-1,5
GGACTCGTGAGTGGTC-1,5
GGAGAAGTCATTGGCA-1,6
GGAGACCATCTACATA-1,7
GGAGACGACACCTTTG-1,1
GGAGCAACATTTCAAG-1,4
GGAGCACCAAGAACTA-1,6
GGAGCGAGGCCTACTT-1,1
GGAGGATTGAAAGGAG-1,2
GGAGGCCGAAGTCGTC-1,4
GGAGGCGAAGAACCGC-1,4
GGAGGGCTTGGTTGGC-1,6
GGAGGGTCAAGTAAGA-1,4
GGAGTGCCGCCCTGGA-1,6
GGATACTCATGAATTG-1,4
GGATCAAAGGACGAGG-1,4
GGATCATCCCGTACGC-1,2
GGATCCCTACCAGCTA-1,3
GGATCCGGAATATACT-1,6
GGATCTTACTGCCCTT-1,5
GGATCTTGACTCAACC-1,5
GGATGAAGATCGCTGA-1,2
GGATGACGCGAGTTTA-1,1
GGATGCTGGCGTTCCT-1,1
GGATGTCCTTACCGCA-1,6
GGATTAAGCTAAGGTC-1,2
GGATTCAGTACGGTGG-1,2
GGATTCCGCTATACCC-1,6
GGATTGCTGTGACTCC-1,2
GGATTTCACTTCTATA-1,6
GGCAAAGGCGCCAATA-1,5
GGCAAATTACTTTACT-1,1
GGCAAGCCCATAGTGG-1,1
GGCAAGGCGAAATAGC-1,1
GGCAATAGTCAATGAG-1,1
GGCACTCCACTGGGCA-1,1
GGCAGCAAACCTATGC-1,2
GGCAGCGGTAATCCTA-1,2
GGCATACAGGTAGCGG-1,1
GGCATATCGGTTCTGC-1,2
GGCATCAACGAGCACG-1,3
GGCCACAAGCGATGGC-1,3
GGCCCTCACCCACTTA-1,1
GGCCGAGACTCTGGTG-1,5
GGCCGGCGTCTGCTAT-1,6
GGCCGTTTGGGTTTCA-1,5
GGCCTGCTTCTCCCGA-1,4
GGCGAAATCTAACTTG-1,6
GGCGAGCATCGAGGAC-1,3
GGCGAGCGAAACGGCA-1,7
GGCGCAGGACATCTTC-1,1
GGCGCATGAATTGATG-1,1
GGCGCGGAGATCTTTC-1,2
GGCGCGTTCGAGTTTA-1,1
GGCGCTCCTCATCAAT-1,3
GGCGCTTCATTCCCTG-1,6
GGCGGAGTAATATTAG-1,1
GGCGGTAGGATCATTG-1,1
GGCGGTTTGCCGGTGC-1,3
GGCGTACCCTATATAA-1,3
GGCGTAGGGAAAGCTG-1,6
GGCGTCCTATCCGCTG-1,6
GGCTAAAGGGCGGGTC-1,2
GGCTACTATACACTCC-1,5
GGCTATTAAGTTGTAT-1,1
GGCTCCTCCACCTGTT-1,5
GGCTCGCGTTGAGGTA-1,2
GGCTCGTGCCACCAGC-1,2
GGCTCTGCTCCAACGC-1,6
GGCTGAAATAGCAAAG-1,6
GGCTGAGCATCGTAAG-1,4
GGCTGGCTAGCTTAAA-1,3
GGCTTTCAATAAGGGT-1,1
GGGAACCACCTGTTTC-1,3
GGGAACGGGAGGTTAG-1,1
GGGAACGGTTTCAGAT-1,5
GGGAAGACGGTCTGTC-1,6
GGGAAGGGCTTTCTCA-1,2
GGGAATGAGCCCTCAC-1,4
GGGACAGAGTTACTCC-1,5
GGGACCCGTATATCTT-1,1
GGGACTGCATAGATAG-1,1
GGGAGAACTCACAGTA-1,1
GGGAGGATGCCCGAAA-1,1
GGGAGTAATGGCTGGC-1,4
GGGAGTTAATGAGGCG-1,1
GGGATGGACCCGCGTC-1,5
GGGATGGTCGTAACCG-1,5
GGGATTTACCGCACCT-1,6
GGGCAACCGCACGTGC-1,5
GGGCAGAGCAATCGTT-1,1
GGGCAGGATTTCTGTG-1,5
GGGCCATTCGTGCTGG-1,5
GGGCCCGTCTTAAACA-1,1
GGGCCCTACGAAAGGG-1,6
GGGCCGGCCGAAGTAC-1,6
GGGCCTAAATGGGCTA-1,1
GGGCGATATGTGTGAA-1,1
GGGCGGCAAATGAATT-1,5
GGGCGGGTTCCCTACG-1,5
GGGCGGTCCTATTGTC-1,4
GGGCGTACATTTATAT-1,6
GGGCGTCACCACGTAA-1,5
GGGCGTCCACTGGCTC-1,2
GGGCGTGGTTTCCCAG-1,6
GGGCGTTTACATTCAT-1,5
GGGCTATGATCGATGG-1,5
GGGCTCATCGAACCCA-1,6
GGGCTGCCTAGGGCGA-1,1
GGGCTGGTTAGTCGCG-1,1
GGGTAATGCTGTGTTT-1,3
GGGTACACTCTGGAGG-1,3
GGGTACCCACGGTCCT-1,3
GGGTACTTCATGAACT-1,1
GGGTATGTATGCACTT-1,2
GGGTATTCTAGCAAAC-1,5
GGGTCACCGTGACGGT-1,1
GGGTCACGTGCTTATG-1,4
GGGTCAGGAGCTAGAT-1,1
GGGTCATGCGTACCAT-1,2
GGGTCGTGGCAAGTGT-1,4
GGGTCTATCGCTTTCC-1,4
GGGTGACACCTTAACT-1,1
GGGTGCATATGAAAGC-1,4
GGGTGGTCCAGCCTGT-1,2
GGGTGTTTCAGCTATG-1,6
GGGTTAACATTTGAGT-1,5
GGGTTCAGACGAACAA-1,2
GGGTTTAGGATAGGAT-1,2
GGTAAATGTGCGTTAC-1,2
GGTAACCGGGAGGATA-1,5
GGTAACTATGTATCTG-1,2
GGTACAAACATGCTAT-1,1
GGTACATCTGGGACGA-1,1
GGTACCATTAAGACGG-1,2
GGTAGAAGACCGCCTG-1,1
GGTAGACCGTTGGGCG-1,5
GGTAGTGCTCGCACCA-1,1
GGTATAGTGACACATA-1,4
GGTATTGCCGAGTTTA-1,1
GGTCAAGACTACTTCG-1,4
GGTCACGTTAGATTCA-1,3
GGTCAGTGGGTCCCAC-1,1
GGTCATTGTAGTCATA-1,4
GGTCCTTCATACGACT-1,3
GGTCGGATAAACGGCG-1,2
GGTCGGCCAGGAGCTT-1,6
GGTCGGTAATTAGACA-1,4
GGTCGGTCGTCCACAG-1,5
GGTCGTAAGCTCGCAC-1,5
GGTCTCCGTCCAGGTT-1,4
GGTCTCTGAATGGACT-1,5
GGTCTGAGAATCTGGA-1,6
GGTCTTGAGCGCTCTT-1,1
GGTGAAACCGGGAATG-1,3
GGTGAACGGGCTAGCC-1,3
GGTGAAGTACAGGGAT-1,5
GGTGAGATGCAGATAA-1,2
GGTGATAAGGAGCAGT-1,6
GGTGATTTCATCTTGT-1,3
GGTGCAGAGCCTATCG-1,4
GGTGCATAAATGATTA-1,5
GGTGCGGATAAGTGGC-1,2
GGTGCTGATCACAAAG-1,2
GGTGCTGGTACACATT-1,1
GGTGGACCACGTGTTA-1,4
GGTGGACTGCTCTGGC-1,6
GGTGTAAATCGATTGT-1,1
GGTGTTCTGTTTCTAC-1,4
GGTTACCACCCTCGGG-1,5
GGTTAGCTATATGTCT-1,6
GGTTAGGCTTGGAGAA-1,6
GGTTAGTTACGGCGCC-1,2
GGTTCCACCCGCTTCT-1,4
GGTTCTACTCGTCTGA-1,2
GGTTGTATCGTGAAAT-1,3
GGTTGTGTAGCCTGGC-1,6
GGTTTAATTACCATCG-1,5
GGTTTACAATCTCAAT-1,6
GGTTTAGCCTTTCTTG-1,2
GGTTTCAATCGGTCAG-1,6
GGTTTGAGTGCTGGAA-1,2
GGTTTGTGACCTGAGG-1,4
GTAACATCTAAGATAA-1,4
GTAACTGCCCAAGGAG-1,5
GTAACTTGCGGCAGTC-1,4
GTAAGCGGGCAGTCAG-1,6
GTAAGGATTTGTCGGA-1,2
GTAAGTAACAGTCTGG-1,6
GTAAGTAGGGTATACC-1,6
GTAATAAAGGGCTCCC-1,2
GTAATCTGATTCTTCG-1,5
GTACACTTACCTGAAG-1,1
GTACAGAGGCAAGGGT-1,6
GTACGACGGCGCTGCG-1,3
GTACGAGATTGCGACA-1,6
GTACGCTTCATTGCAC-1,1
GTACGTCACGTATTAA-1,4
GTACGTTTGCCCGTCA-1,1
GTACTAAGATTTGGAG-1,1
GTACTCCCTTATCGCT-1,1
GTACTCCTGGGTATGC-1,2
GTACTGAGGTCGTAAC-1,2
GTACTGCATGAAGCGT-1,4
GTACTGGAGTTAGACC-1,6
GTACTTGGGCACTTCT-1,2
GTAGAAACGGGTGGAG-1,2
GTAGACAACCGATGAA-1,4
GTAGACACGCCTGACT-1,1
GTAGACGTCGTTACAT-1,2
GTAGAGGGAGACAAGT-1,5
GTAGCCAAACATGGGA-1,1
GTAGCGCTGTTGTAGT-1,3
GTAGCGGCTATACACT-1,1
GTAGCTAGTAAGCGCG-1,4
GTAGCTCCGGGAGGCT-1,5
GTAGCTTCCTCTTGTT-1,6
GTAGGTGATCCGTGTA-1,2
GTAGTCGCGGGAATCA-1,6
GTAGTCTACGATATTG-1,6
GTAGTTCGAAGGCGAA-1,5
GTATAATCTCCCGGAT-1,3
GTATAGGACTCAGTAG-1,6
GTATAGTGGCCCATGT-1,4
GTATATGTTACGGCGG-1,3
GTATCAAACGTTAGCT-1,2
GTATCAGCTTGGGTTC-1,2
GTATCCTTTGGTAACC-1,2
GTATCGGGACGAGCTG-1,3
GTATCTCAGTCTTGAC-1,5
GTATCTCCCTAACTGT-1,3
GTATCTTGTTGCTCAC-1,3
GTATCTTTCATAACCA-1,1
GTATGAAATTTCACTC-1,5
GTATGACGTGGGAAAC-1,3
GTATGTGGGTCTAGTT-1,2
GTATTAAGGCGTCTAA-1,2
GTATTCTGAGAAACGA-1,5
GTATTTAATGGCATAA-1,4
GTCAAAGAAGTGGTGT-1,5
GTCAAAGTTTACATAG-1,4
GTCAACCAGGCCTATA-1,4
GTCAAGCGGACTCGGG-1,1
GTCAATTGTACTGAAG-1,3
GTCACAAAGTTTCCAA-1,2
GTCACCTGTCTATGTC-1,4
GTCACTCTCCAAATCT-1,2
GTCAGAATAGTCTATG-1,6
GTCAGTTGTGCTCGTT-1,2
GTCAGTTTGGTAGTCG-1,2
GTCATCTCCTACAGCT-1,3
GTCATGCACCTCCGTT-1,1
GTCATGCGCGAGGGCT-1,2
GTCATGGACATGACTA-1,1
GTCATTAGAGCGAACG-1,1
GTCATTGCATTGACCC-1,2
GTCCAATATTTAGCCT-1,1
GTCCATTACTGCTACG-1,2
GTCCCAACGTAAAGTA-1,1
GTCCCGCGACGTTATG-1,6
GTCCGGACCTGAAATT-1,2
GTCCGGCTGAATTGCG-1,1
GTCCTACAGGCGGCTC-1,2
GTCCTACGAATAGTCT-1,2
GTCCTAGGATACCTTA-1,5
GTCCTTCTAGTGGGTT-1,2
GTCCTTTAATGACTTC-1,4
GTCGAATTTGGGCGCT-1,5
GTCGCCGTTGTGTGTT-1,5
GTCGCGTAACCCGTTG-1,1
GTCGGATATCTCAGAC-1,6
GTCGGATGTAGCGCGC-1,2
GTCGGGAAGCAGAAAC-1,1
GTCGTACCATCTCGGG-1,1
GTCGTATTGGCGTACA-1,2
GTCGTCAATTATAAGG-1,2
GTCGTGTCTGGTCATC-1,4
GTCGTTATTCGCTTAT-1,1
GTCTACTCAATTACAA-1,6
GTCTAGTGAGCCGCTT-1,2
GTCTATCTGAGTTTCT-1,1
GTCTATTGGTTCCGGT-1,2
GTCTCAAGGCCCGGCT-1,1
GTCTCCTGCCAGTATG-1,5
GTCTCGACTAAGTTTG-1,4
GTCTCGATCTGCTTTC-1,6
GTCTCGCCAACACGCC-1,4
GTCTGGGCGGTCGAGA-1,5
GTCTGTAGGTTGAACA-1,5
GTCTTAGTACAGCCGG-1,2
GTCTTGAGGAGCAGTG-1,4
GTCTTGTAGCTATTCA-1,4
GTGAAACGGCGCCACC-1,6
GTGAAACGTGCTCCAC-1,4
GTGAACTCCCATTCGA-1,2
GTGAAGATTTCAAGTG-1,2
GTGAAGCCGTATAGTC-1,4
GTGAAGTCACGACTCG-1,7
GTGACAGCTTCCCACT-1,6
GTGACCGCACACTACG-1,6
GTGACGAGGGTGACCC-1,4
GTGACGCAGGTTTCAT-1,6
GTGACTTCAGTAGTGC-1,5
GTGAGATAACCTTATA-1,5
GTGAGCGTGCTGCACT-1,6
GTGAGGACACTTAAGG-1,1
GTGAGGAGCGGTTGAG-1,2
GTGAGTGGTACAACGC-1,1
GTGATCAAGCGTGCAC-1,5
GTGATCACTAACGCCT-1,2
GTGATCATAGATCTGC-1,1
GTGATCCTTGTCATGA-1,2
GTGATGCACAACATCT-1,2
GTGATTCGCCGCTCAA-1,5
GTGCAACAAATGTGGC-1,2
GTGCACCAGCTTCAAC-1,1
GTGCACGAAAGTGACT-1,6
GTGCCATCACACGGTG-1,1
GTGCCCGTTCGGATTC-1,6
GTGCCGCTTCAAAGGT-1,5
GTGCCTAGCTATGCTT-1,3
GTGCCTCAGTGTACGG-1,2
GTGCGAAATCGAACAC-1,5
GTGCGACAGGGAGTGT-1,2
GTGCGCAGCTTGCTCC-1,3
GTGCGCTTACAAATGA-1,3
GTGCGGGACCATCGGC-1,3
GTGCGGGTCTCCAAAT-1,6
GTGCGTGTATATGAGC-1,6
GTGCTCAAGTACTGTC-1,1
GTGCTTACATCAGCGC-1,4
GTGGAACCTACATGCG-1,2
GTGGACCAACCCGATT-1,5
GTGGACGCATTTGTCC-1,1
GTGGACGTGCTGAGAC-1,2
GTGGAGCGTTTACCGA-1,5
GTGGAGTCGGCGGTTG-1,5
GTGGCAAACAGCGGCA-1,5
GTGGCCGGTTTCTCGG-1,5
GTGGCGGGCCGTAGCT-1,4
GTGGCGGTCCCAGCGT-1,1
GTGGCGTGCACCAGAG-1,4
GTGGGAAGACTGAATC-1,1
GTGGGCTTAGACACAC-1,6
GTGGTATAGTCTGCCG-1,5
GTGGTCAGCGAAGTAT-1,2
GTGGTGGCCAAGTGAA-1,6
GTGGTTACTTCTTTCG-1,2
GTGGTTTCCGCCTTTC-1,1
GTGTACCTTGGCTACG-1,6
GTGTATATCAGCGGGC-1,6
GTGTATGACTTTAAAG-1,3
GTGTCAGTGTACGTGG-1,5
GTGTCCGATAAGGCAT-1,4
GTGTCGTATAGCGTTC-1,6
GTGTGAATAACTTAGG-1,6
GTGTGAGCCGAGGTGC-1,3
GTGTTACTATGCGTCC-1,1
GTTAAAGTAGGACTGG-1,6
GTTAACATCACTTAAA-1,1
GTTAACTATGTTGTCA-1,4
GTTAAGGGTGCGATGT-1,6
GTTAAGTTAGAGTGGG-1,4
GTTAATGTCTATCTTA-1,2
GTTACAATTGGTGACG-1,1
GTTACCTACAACTTGC-1,1
GTTACGAAATCCACGC-1,3
GTTACTTTGGGCCTAG-1,1
GTTAGAGTGTGCCGCT-1,2
GTTAGCCCATGACATC-1,6
GTTAGCCGTAAATCAA-1,4
GTTAGGCTACCCGTTT-1,5
GTTATAATACGGTGAA-1,4
GTTATATTATCTCCCT-1,1
GTTATCACCTTCTGAA-1,4
GTTATTAAATACGACC-1,4
GTTATTAACGTGGGAG-1,2
GTTCAATCTATGTCAA-1,4
GTTCACAGGAGTCTAG-1,6
GTTCAGTCGCCAAATG-1,1
GTTCATCGTTTGGCTG-1,2
GTTCCAAGACAGCGAC-1,3
GTTCCAGTCTGACCAT-1,2
GTTCCGTCCGCCTGCA-1,5
GTTCGCCATAAGTGCC-1,1
GTTCGCTGAGACGTCT-1,4
GTTCGGATCGGGAACA-1,4
GTTCGGGCGTACCATT-1,2
GTTCGTCTAAAGAACT-1,2
GTTCGTTGCGGACCAG-1,3
GTTCTTCCCTCGATGT-1,2
GTTGAACCGGTTCCAT-1,1
GTTGAGTCCCGCCGGT-1,6
GTTGCACGGAGTTTCG-1,6
GTTGCGGACGGTCAGG-1,4
GTTGGATTCAGTGGCT-1,2
GTTGGATTGAGAACAC-1,6
GTTGGATTTGCGTTGG-1,1
GTTGGTCATGCTATCC-1,1
GTTGTCGTGTTAGTTG-1,2
GTTTACGTTCCATCTG-1,1
GTTTCAAACGAGTTGT-1,4
GTTTCATATCGTCGCT-1,1
GTTTCCTGGAGGGTGA-1,6
GTTTCTGCAGTCTCCC-1,1
GTTTGACCAAATCCTA-1,1
GTTTGAGCGGTTATGT-1,3
GTTTGGCCCAAGTTAT-1,6
GTTTGGCCGCTCAGCG-1,4
GTTTGGGCTTGTGAGC-1,1
GTTTGGGTTTCGCCCG-1,2
GTTTGGTAGGGTCAAC-1,1
GTTTGGTGATCGGTGC-1,5
TAAACCCAGGAGGGCA-1,5
TAAAGAGCCCGAAACC-1,4
TAAAGCGGTATTTCCA-1,1
TAAAGCGTTAGGAGAA-1,6
TAAAGCTGCAATAGGG-1,2
TAAAGGAGAAACTAGT-1,4
TAAATGAATCCGTTTC-1,2
TAAATGCCGTCTCATG-1,4
TAAATTTAGTAACACC-1,5
TAACAAAGGGAGAAGC-1,2
TAACAATATTTGTTGC-1,2
TAACAGCGTTTGTGCT-1,5
TAACATACAATGTGGG-1,1
TAACATACACGCGATC-1,5
TAACCGCCCGCAGTGC-1,4
TAACCTACCGTCCGAG-1,2
TAACCTAGGGAGTCCA-1,4
TAACGCTTTGAGAGCG-1,2
TAACTATCGAAGGTCC-1,2
TAACTATTACGCCAAA-1,2
TAACTCATCCGCGCGG-1,5
TAACTCCATGGAGGCT-1,2
TAAGAGGGACAGGGAC-1,5
TAAGATTTAGCGGGAG-1,3
TAAGCAGGCGACACGC-1,6
TAAGCGCGAATCAAAT-1,5
TAAGGAACTTGTGGGA-1,2
TAAGGCAACATAAGAT-1,6
TAAGGCATAACATCAA-1,5
TAAGGCCCGTCACCCT-1,1
TAAGGCTGAATCCCTC-1,2
TAAGGGCCTGTCCGAT-1,2
TAAGGGCTGGGAGAGG-1,6
TAAGTAAATGTGCCGC-1,4
TAAGTAACATCTTGAC-1,5
TAAGTCGCCGAGTATC-1,5
TAAGTTGCGACGTAGG-1,2
TAATAAACAAGGAGAT-1,2
TAATACACAGTAGTAT-1,6
TAATAGAACAGAGTTA-1,5
TAATAGGTCACCAGAA-1,5
TAATAGTGACGACCAG-1,6
TAATATTGAAATTCGC-1,2
TAATCGATCCGTACGT-1,2
TAATGAAAGACCCTTG-1,2
TAATTACGTCAGTAGA-1,4
TAATTAGATGGATATG-1,3
TAATTAGGACATCCGT-1,2
TAATTGGAATCGGGAA-1,4
TACAAATTGCGGAGGT-1,4
TACAACGCACAACTCA-1,1
TACAAGCTGTTCACTG-1,3
TACAAGTCTCGTGCAT-1,6
TACAGAAACGGTGGGC-1,2
TACATAGGCATACACC-1,1
TACATCCCTATCCCTG-1,1
TACATTTCTAACGTGC-1,1
TACCAAATAGCCCAGA-1,1
TACCAATAAAGTACCA-1,6
TACCAGAAGTAGGTTC-1,5
TACCAGCTAGGTTTAA-1,2
TACCAGGAATCCCGTC-1,5
TACCGCGGACTTGCAG-1,2
TACCGGCTCACTGCCC-1,1
TACCGGTCGTTTCCAT-1,5
TACCGTAGGTTAACTA-1,1
TACCGTGCCTCGGACC-1,1
TACCTACTCCCAGTAT-1,1
TACCTCACGCTTGTAC-1,2
TACCTCAGTTGTCTGT-1,5
TACCTCCACACCAATG-1,5
TACCTGCTGCACTGTG-1,2
TACCTTAAGATTTCCC-1,5
TACGAACACGACTTCA-1,1
TACGACGCTTGCTGCG-1,1
TACGACTGCCTCTTAG-1,1
TACGAGAACTTCACGT-1,1
TACGATGTTGATCATC-1,1
TACGCAGTTCTTTCCT-1,1
TACGCCATATTCTAAT-1,1
TACGCCGAGGGTACCC-1,5
TACGCCTCCATTCCGA-1,1
TACGCTATAGAAACCT-1,2
TACGCTCGGTATTGGA-1,4
TACGCTGCTGTGTTAA-1,5
TACGGGATGCTAGCAG-1,6
TACGTAAAGCGGAGTG-1,4
TACGTACTAGTGCTGA-1,5
TACGTGCACTATGCTG-1,2
TACGTTTACCGGCAAT-1,1
TACTATGGTTCCTCAG-1,5
TACTCCTCTAGTTGAC-1,5
TACTCGGCACGCCGGG-1,6
TACTCTCCGAACAAAT-1,6
TACTCTTACTTTACTG-1,4
TACTCTTTCGTCTTCA-1,5
TACTGAACAGATTTAG-1,5
TACTGAGGGAAGAAAG-1,5
TACTGCAATCAATTAC-1,2
TACTGGACAGCTCGGC-1,6
TACTGTTTCTCTGGTA-1,4
TACTTGTTAGTAGTCC-1,6
TACTTTACTGAGCCGG-1,2
TACTTTCCGCACGCCA-1,5
TAGAAACCACTAAGTA-1,2
TAGAAAGGTGGCGCTA-1,6
TAGAAATTCACGTATA-1,6
TAGAATAGCCGATGAA-1,4
TAGAATTAAGGGCAAC-1,2
TAGACGAAACGCCAAT-1,6
TAGACGCCCGTACCGG-1,6
TAGACTACCTAGCGTT-1,2
TAGAGATCATGCAACT-1,1
TAGAGCTACGAAGAAC-1,2
TAGAGGTTCTACTTGT-1,2
TAGAGTCTAAGCGAAC-1,1
TAGATATGGACTGGAA-1,1
TAGATCCGAAGTCGCA-1,2
TAGATGGTTCCTTACT-1,2
TAGATTCAAAGTGCGG-1,5
TAGATTCCTGGTTATT-1,6
TAGCAACCTGTCACAA-1,2
TAGCAGTATGACTAAA-1,2
TAGCCAGAGGGTCCGG-1,3
TAGCCATTTCAAAGTC-1,6
TAGCCGGCGGTCAGCG-1,6
TAGCGTCCCTCGATTG-1,4
TAGCGTCCGGTGTGGT-1,6
TAGCGTTGGGTCTTAC-1,1
TAGCTAAGTCCGGGAG-1,1
TAGCTAGAAGGCATGA-1,5
TAGCTAGTGATGATGG-1,5
TAGCTCGCCTGATAAC-1,1
TAGCTGATGTGAAGCG-1,1
TAGGAACAGCCTCCAG-1,2
TAGGCATGTTACGCCA-1,6
TAGGCGATGAGGTCTC-1,5
TAGGCGGCTGCAAAGA-1,5
TAGGCTAAAGTGGCAC-1,2
TAGGGAGCTTGGGATG-1,2
TAGGGTGTTTCAAGAG-1,6
TAGGTCCAAGTAAGGA-1,2
TAGGTCGCCGGAACTG-1,2
TAGGTGACGATAACCT-1,6
TAGGTGAGCCCTACTC-1,6
TAGGTGCTCGCCTAGC-1,6
TAGGTGTTCCACAGAT-1,1
TAGGTTCGAGTTCGTC-1,1
TAGTACCACAACTTTC-1,5
TAGTACCTTAGTGGTC-1,2
TAGTAGCTTATACCAG-1,5
TAGTCCCGGAGACCAC-1,1
TAGTCCGCAGAGAATG-1,1
TAGTCCGTATGCATAA-1,3
TAGTCGATCACGGGTT-1,2
TAGTCTAACAACGAGA-1,1
TAGTCTGCGGCACATT-1,5
TAGTCTGTGACGTTGC-1,2
TAGTCTTTCCGAATTG-1,4
TAGTGCCCTCCAGAGT-1,1
TAGTGGAACTCATACA-1,4
TAGTGTCAGAAACGGC-1,2
TAGTTAAGATAGGATA-1,2
TAGTTTATTCTTGCTT-1,2
TATAAATCCACAAGCT-1,2
TATAAGTGAGGATAGC-1,2
TATACACAGACGCCTT-1,1
TATACACGCAAAGTAT-1,2
TATACCGAGTGCCACA-1,4
TATACGCGTCATCACT-1,1
TATACTCATGCGGCAA-1,2
TATAGAGTCGCTTGAA-1,5
TATAGATGGTCGCAGT-1,2
TATAGGGTACTCATGA-1,6
TATATAGGGCTTTACG-1,5
TATATATCGAGAAATG-1,5
TATATCAAAGTGATCT-1,5
TATATCCCTGGGAGGA-1,2
TATATTACAAATGTCG-1,4
TATATTCGCGTCGATA-1,2
TATCACAGCACGGGCA-1,4
TATCACCATGTAAAGT-1,4
TATCACCCAACCGACC-1,2
TATCACTTCGAGTAAC-1,2
TATCAGTGGCGTAGTC-1,5
TATCCAATTGGTTATC-1,6
TATCCATATCATGCGA-1,2
TATCCATCTCGGTTAG-1,5
TATCCGCACCGTCGGG-1,1
TATCCTATCAACTGGT-1,1
TATCCTGCATGGGAAT-1,2
TATCGATCTATGCATA-1,6
TATCGATGATTAAACG-1,6
TATCTACAGAGGTAAT-1,6
TATCTACCACAGCGGG-1,1
TATCTAGCCTAAAGGA-1,6
TATCTGAGCCGATATT-1,5
TATCTTGCAATACAAC-1,5
TATGAAGACAGGTGCG-1,2
TATGATAAATCTAACG-1,2
TATGATCCGGCACGCC-1,4
TATGATCTTCTCTTTA-1,2
TATGATTCTGCTTGGT-1,3
TATGCTCCCTACTTAC-1,1
TATGGAGTTTCTCGTT-1,3
TATGGATGTGCTACGC-1,1
TATGGCCCGGCCTCGC-1,6
TATGGGACCGAGCAGG-1,1
TATGGGTACGTATCGT-1,1
TATGGTCTGAGTAACA-1,1
TATGGTTAGTGGGAGA-1,2
TATGTAAAGTGCTTAA-1,5
TATGTAGAAACCCGGC-1,5
TATGTCAAGACCGACT-1,2
TATGTCTCATTGTGCC-1,6
TATTAACACCAAAGCA-1,5
TATTAACCTGACCGCG-1,5
TATTACCATCCTGCTT-1,2
TATTATGTTTGCCTGC-1,5
TATTCAATTCTAATCC-1,1
TATTCCACTCAGCTCG-1,1
TATTCCGAGCTGTTAT-1,6
TATTCCGGCAGTCCTA-1,4
TATTCCTCCGCCCACT-1,5
TATTCGTGCCAGAATA-1,1
TATTTAGTCTAGATCG-1,6
TATTTATACCGAGTAG-1,2
TATTTGATTTGCACAG-1,4
TATTTGTTACCCTTTA-1,6
TCAAACAACCGCGTCG-1,6
TCAAACTTAGATTGTT-1,1
TCAAATTTGAGACTCA-1,1
TCAACAAAGATAATTC-1,5
TCAACACATTGGGTAA-1,4
TCAACATAGCGCCCTA-1,5
TCAACATCGACCGAGA-1,1
TCAACCATGTTCGGGC-1,6
TCAACGAGGAGACAAA-1,1
TCAACGCAGGAAATAA-1,5
TCAACGCGACCGGCAG-1,1
TCAACTAACGTATAAC-1,2
TCAACTGCAGAGTCAG-1,4
TCAAGAAATACTAGCT-1,2
TCAAGCGCGGACGGTA-1,4
TCAAGGTTACTACACC-1,2
TCAATACGCCGTCATG-1,1
TCACAAACCGAGGTAC-1,2
TCACAGATCCTCAAAC-1,3
TCACAGCAAACTCGAA-1,5
TCACAGGAGAATAAGA-1,5
TCACAGGGAATCGCAA-1,6
TCACAGGTTATTGGGC-1,1
TCACATCTTATCTGAT-1,2
TCACCCTCTTAAGATT-1,1
TCACCGCTCGGCACTC-1,2
TCACGATGTCCGTGGA-1,5
TCACGCATTGTAGATC-1,1
TCACGGCCCAAGAGAG-1,5
TCACGGTCATCGCACA-1,6
TCACGTGCCCGATTCA-1,1
TCACTACGACCAATGC-1,2
TCACTATCGTGCAATC-1,3
TCACTCAGCGCATTAG-1,3
TCACTCGTGCAACGGC-1,2
TCAGAACCTCCACAGG-1,2
TCAGACGCTATAGAAG-1,1
TCAGCAAATGCATCTC-1,1
TCAGCAGTAGGCCCTG-1,5
TCAGCCAATCCGTAAA-1,4
TCAGGGCGCAAACTCG-1,2
TCAGGGTGCACGAAAC-1,2
TCAGGGTGTAACGTAA-1,1
TCAGGTTCTTTGAGAA-1,1
TCAGTACTGACCCGCG-1,6
TCAGTAGGGACTATAA-1,5
TCAGTGTATACGTCAT-1,5
TCAGTTACGGAATGAT-1,4
TCATACTTACAGATCC-1,2
TCATATGAGCTTTGTT-1,1
TCATCACTCGAGCTCG-1,2
TCATCCCAGAGGGTGG-1,2
TCATCGATGGTCCCAA-1,5
TCATGCAGGTTCTCAT-1,2
TCATTTAAGTCTCCGA-1,2
TCATTTAGAAGTGTGA-1,4
TCCAACTCAGCTATCT-1,2
TCCAACTTTAAATTCT-1,1
TCCAAGCCTAGACACA-1,6
TCCAATAAAGGCTACC-1,1
TCCACAATGGTTTACG-1,6
TCCACATCGTATATTG-1,1
TCCACCTCTAGCCTTT-1,1
TCCACTTTATCTAGGT-1,6
TCCAGAGCACCGGTTC-1,1
TCCAGCGCTATAAGCG-1,4
TCCAGGCGAGTACGGT-1,1
TCCAGGGTATATACGA-1,1
TCCATCAATACTAATC-1,5
TCCATTAGTTGGATAG-1,3
TCCATTGTGACCTCGT-1,2
TCCCAAACAGACAACG-1,4
TCCCAAAGACGAAGGA-1,1
TCCCAAAGCCCTAAAT-1,4
TCCCACGGAGGGAGCT-1,4
TCCCACTCTCTTCCGG-1,2
TCCCAGCTTTAGTCTG-1,1
TCCCAGGCTTAGCTAA-1,1
TCCCGCGTACTCCTGG-1,1
TCCCGGGTGTGCTGCT-1,1
TCCCGGTCAGGAATTT-1,3
TCCCGTCAGTCCCGCA-1,6
TCCCGTGTGCAATTTG-1,6
TCCCTAGATCAATAGG-1,4
TCCCTGGCGTATTAAC-1,5
TCCCTGGCTCGCTGGA-1,6
TCCCTTAGATTACTCG-1,2
TCCGAACTTGGCTTAC-1,6
TCCGAAGTAGTCACCA-1,4
TCCGAATGGTCCTGAG-1,4
TCCGACCGCTAATCAA-1,5
TCCGAGAAGGCTAAGC-1,3
TCCGATAATTGCCATA-1,6
TCCGATGACTGAGCTC-1,6
TCCGATGGTGCGACAT-1,6
TCCGATTACATTGCCG-1,6
TCCGCCTGTCTACAAG-1,6
TCCGCGGCAGCATCTG-1,6
TCCGCGGCCCAATGAA-1,2
TCCGCTGTCATCCCGG-1,6
TCCGCTTATCCCATTA-1,1
TCCGGAGGAAGGGCTG-1,4
TCCGGCCTAGCGTACA-1,2
TCCGGCCTGCATCGAT-1,4
TCCGGGCTTGACGGGA-1,2
TCCGGTTCGTCCGGTC-1,1
TCCGTAACCACAATCC-1,2
TCCGTTAAGCTAATAT-1,2
TCCGTTTAGCCTTGAA-1,6
TCCTAAATTGGGAAGC-1,1
TCCTAACCGTCGGGCA-1,5
TCCTACATCCACGGCC-1,6
TCCTAGCAAAGAAGCT-1,1
TCCTCCTAAGACATTC-1,5
TCCTCGGGCTGGGCTT-1,1
TCCTCTACGAGATGGC-1,2
TCCTCTCCAGTTGTCC-1,2
TCCTCTGGCCCATTAG-1,2
TCCTGCCAACTGGAGA-1,2
TCCTGCGTTGATACTC-1,1
TCCTGGCGCTGCCTGG-1,4
TCCTTACGACGGTCCG-1,2
TCCTTCAGTGGTCGAA-1,2
TCCTTGTCCTTTAATT-1,1
TCCTTTAAATCCGCTT-1,2
TCCTTTCTTACGCTTA-1,1
TCGAAATTTAGGACCA-1,6
TCGAAGAACCGAGCAC-1,2
TCGAATATCCCGCAGG-1,5
TCGACAACTGAACCCG-1,5
TCGAGACCAACACCGT-1,1
TCGAGCCAGGCAGGCC-1,5
TCGATAGGCTAGTCGC-1,4
TCGCAAAGATGCATTT-1,1
TCGCACCAGGAGGCAG-1,6
TCGCATAAAGGGCGCA-1,4
TCGCATCCCTAAGTGT-1,2
TCGCATTCAATGACTT-1,3
TCGCCCAACTGACTCC-1,4
TCGCCGAAGTTGCGTC-1,5
TCGCCGACATATTCGC-1,2
TCGCCGGTCGATCCGT-1,6
TCGCCTCGACCTGTTG-1,3
TCGCGTAGCAGTGTCC-1,2
TCGCGTCCAGAAGGTC-1,6
TCGCTAAACCGCTATC-1,2
TCGCTACTGGCTTTGA-1,6
TCGCTCGATATATTCC-1,1
TCGCTCGGCACCAGCG-1,4
TCGCTGGGCGGATTGT-1,1
TCGCTGTGCGTAAATC-1,2
TCGCTTTAAACGTTTG-1,6
TCGGAATGACCATCAA-1,2
TCGGAATGCGCTCTGA-1,6
TCGGACGCCCAGCCCA-1,6
TCGGAGAGTATCGGGA-1,1
TCGGAGTACATGAGTA-1,1
TCGGATCTGGATGACC-1,5
TCGGCGAACCCAAACC-1,2
TCGGCGTACTGCACAA-1,1
TCGGCTAACTTCCCTT-1,4
TCGGCTTGTATCGACG-1,2
TCGGGAACGTGCCTAG-1,2
TCGGGAGACAGCGTAC-1,1
TCGGGATTCAAACATA-1,1
TCGGGCACTTCTGGAT-1,3
TCGGGCCGTCGTGGTA-1,6
TCGGGTGAAACTGCTA-1,2
TCGGTCCCGACAATAG-1,5
TCGGTCCCTGACTCCA-1,2
TCGGTGACCGCTCCGG-1,4
TCGGTTAGCCATGTAG-1,4
TCGTAAGACGACATTG-1,6
TCGTAAGCTCCGAGGA-1,4
TCGTATAGTGCAATTA-1,2
TCGTATTACCCATTGC-1,1
TCGTATTTCGTCCGGA-1,2
TCGTCAAGTACGCGCA-1,5
TCGTCACACTGTTAGC-1,2
TCGTCCGCTGGCGTCT-1,2
TCGTCTTAGGCGTTAA-1,6
TCGTGTACTATGGATG-1,1
TCGTGTATTGGTCACG-1,4
TCGTGTCACGCTGACA-1,1
TCGTGTTCGACCACAA-1,4
TCGTTAGGAGTCCCTA-1,1
TCGTTCGTTATTATGT-1,2
TCGTTGCTATCCGGTC-1,5
TCGTTGGCTCGTCAAT-1,3
TCTAAAGAACAGTCTC-1,5
TCTAACTGTATGTAAA-1,2
TCTAATACTGCCTCAG-1,5
TCTACACGTTCATGCA-1,4
TCTACCCAATAGAGAG-1,4
TCTACCGTCCACAAGC-1,1
TCTAGCAATCTCCGCC-1,5
TCTAGCATCTTCGATG-1,6
TCTAGCATGCCCAGAA-1,1
TCTAGGTGGCGACGCT-1,2
TCTAGTGATATCGTGG-1,2
TCTAGTTATCAGAAGA-1,1
TCTATCATGCAGTTAC-1,2
TCTATCGGTCGCAACA-1,6
TCTATGCTATAACGAC-1,2
TCTATTACGCTGGCGA-1,2
TCTATTACTAGAGGAT-1,1
TCTCATGAGATAGGGT-1,6
TCTCCAACGTAGGTTA-1,6
TCTCCACAAGTTGAAT-1,2
TCTCCCTGGGCAGCGT-1,6
TCTCGAACGAGGTCAC-1,2
TCTCGACGTATCGCCG-1,4
TCTCGAGGAGGTTCGC-1,4
TCTCGGCTCCAGGACT-1,3
TCTCTAATAGCTGGTA-1,6
TCTCTCGCCGCACATA-1,4
TCTCTTACCGCGAACC-1,5
TCTGAACCGGTCGGCT-1,2
TCTGAACTCGTACCCG-1,2
TCTGAAGCACGTGGTC-1,6
TCTGAATTCCGTACAA-1,2
TCTGACTGTAATGGTT-1,3
TCTGAGCAATTGACTG-1,4
TCTGATGTATTCTGTC-1,6
TCTGCATACCTTGCTT-1,2
TCTGCCAGAAACTGCA-1,6
TCTGCGTCCGGTTTCT-1,3
TCTGGGAACCTTTGAA-1,2
TCTGGGTAGCGCTCAT-1,1
TCTGTCATACAAGAGC-1,4
TCTGTGACTGACCGTT-1,3
TCTGTGCCATCATAGT-1,6
TCTGTGGCTACATTTC-1,3
TCTGTTACCCAGCATA-1,5
TCTTACAGAGGTACCG-1,2
TCTTACCGGAACTCGT-1,2
TCTTACGGCATCCGAC-1,2
TCTTACTTATGCCTCT-1,2
TCTTAGAGCTCCAATT-1,2
TCTTAGAGTGAACTCT-1,2
TCTTATGGGTAGTACC-1,3
TCTTCCCATGGGCACA-1,2
TCTTCGAATAGACGTT-1,1
TCTTCGATACCAATAA-1,1
TCTTCTATAACCCGCC-1,2
TCTTGATGCGTAGCGA-1,1
TCTTGCTCCCGATACT-1,1
TCTTGGTAACACCAAA-1,6
TCTTTAAGACTATGAA-1,2
TCTTTAGAGTCTAACA-1,4
TCTTTCTCTTAAGGAG-1,2
TGAAACCTCAACTCAC-1,3
TGAAACTTATGCAAGC-1,2
TGAAAGGACCTGACTC-1,6
TGAACAAGCAGGGACT-1,5
TGAATACCGACGCGTA-1,6
TGAATGAGTGTTTCCC-1,1
TGAATGTCAGCCGGCC-1,4
TGACACTTCTCTTTGC-1,4
TGACAGGACAAGTCCA-1,5
TGACATCGAGCGGACC-1,2
TGACATGTAACGTGAC-1,1
TGACCAAATCTTAAAC-1,1
TGACCAGCTTCAAAGT-1,4
TGACCCAACTCACATT-1,3
TGACCCACGTTAGACA-1,1
TGACGAATATTTCCCT-1,1
TGACGATGCACTAGAA-1,2
TGACTATAATCCTTTC-1,1
TGACTCCGAATCATAC-1,5
TGAGAATGCTTTACCG-1,6
TGAGAGATTTACCACG-1,6
TGAGATCAAATACTCA-1,2
TGAGATTAGGCCCTAA-1,2
TGAGCAGTCGTGAAGT-1,3
TGAGCCATACAGTCTC-1,1
TGAGCGGAAAGTGTTC-1,1
TGAGCTTTAATGACGC-1,2
TGAGGAGTGCCAGCTT-1,1
TGAGGCATGTACTGTG-1,5
TGAGGTTGATCCCAAG-1,3
TGAGTAAATTAGCGTA-1,1
TGAGTGCCTCTTAAAT-1,5
TGAGTGGTCCGTGACG-1,6
TGAGTTAAAGACATTC-1,4
TGATACATTTAGCCGT-1,5
TGATAGCGGGATTCTA-1,2
TGATCAGGGAACTGCT-1,1
TGATCCCAGCATTAGT-1,2
TGATCGGTTTGACCCT-1,1
TGATCTACGCTGATCT-1,2
TGATCTCCGGCGCCAG-1,1
TGATGGCTGTTTCTGA-1,4
TGATGGGACTAAGTCA-1,3
TGATGTCAATTAAGTG-1,4
TGATTATGGCACGCAG-1,4
TGATTCAGGTCCCGCG-1,7
TGATTCCCGGTTACCT-1,1
TGATTCGTCTATCACT-1,1
TGATTCTGTCGCCGGT-1,5
TGATTTATTAGCTGTG-1,1
TGATTTCCTCCTGACG-1,2
TGCAACCCATCTGCGG-1,2
TGCAAGAATGACGTAA-1,1
TGCAATCTAACACGGT-1,2
TGCAATTTGGGCACGG-1,4
TGCACAGTGAAGTTAT-1,4
TGCACGAGTCGGCAGC-1,2
TGCACTATGTGAGTGC-1,3
TGCAGAACTATATCGT-1,1
TGCAGAGTACCGAGCA-1,1
TGCAGATCGTCCTAGG-1,1
TGCAGCTACGTACTTC-1,1
TGCAGGATCGGCAAAG-1,6
TGCAGTGGTAGGGAAC-1,5
TGCAGTTTCCTCCCAT-1,6
TGCATATGTCTGTCAC-1,6
TGCATGGATCGGATCT-1,6
TGCATGTGACCCATAG-1,5
TGCATGTGGTAATCTA-1,6
TGCCAAAGTCAGACTT-1,1
TGCCAATGGGTACTCT-1,5
TGCCACCTGGCGAAAC-1,6
TGCCAGTACGTGGAGA-1,1
TGCCATGGCTTATAAG-1,4
TGCCATTACTAAAGAA-1,6
TGCCCGTACCGTTAAA-1,1
TGCCGGATGTACGAGC-1,5
TGCCGTGGATCGTCCT-1,1
TGCCTAATTGAAGATT-1,4
TGCCTGACATCGGTCA-1,3
TGCCTGATCAAACGAT-1,6
TGCCTTGGCCAGGCAA-1,6
TGCGAATATGGGATTT-1,1
TGCGACACCCTAGTGC-1,5
TGCGACGGCCGAACGT-1,5
TGCGAGAATATTACCC-1,5
TGCGAGCCCTTCCGCG-1,4
TGCGCAAAGCATTTGG-1,1
TGCGCGATTAACGGAG-1,6
TGCGGACTTGACTCCG-1,6
TGCGGAGTAAAGGTGC-1,6
TGCGGCATAGTTCAAC-1,2
TGCGGGTATTGGGATC-1,4
TGCGGTCTACGAGTAA-1,4
TGCGGTGAAATTTCAT-1,2
TGCGTAAGAACCTGAT-1,5
TGCGTCATGACTGAGC-1,5
TGCGTGATTGGGTGTC-1,3
TGCGTTTGTTGACACT-1,1
TGCTAAGTGTCTATTT-1,2
TGCTATACAAACGGAC-1,4
TGCTCCACAGTTCTTA-1,2
TGCTCGGCGAAACCCA-1,1
TGCTCGGTGGGTCACC-1,6
TGCTCTTGAGAGTTTG-1,6
TGCTGGTTGGACAATT-1,2
TGCTGTTGAAGAACTC-1,1
TGCTTAGAGAGAATGC-1,5
TGCTTCCCAAGCAGTA-1,1
TGGAAACGGAGTGAAC-1,3
TGGAACCACTGACACA-1,2
TGGAAGAAGGGAACGT-1,1
TGGAAGACGAACACCA-1,2
TGGAAGGATAAAGATG-1,6
TGGAATATCCTTGACC-1,4
TGGAATTAGACGCTTT-1,2
TGGACCAATCTAAGAT-1,6
TGGACGCAATCCAGCC-1,5
TGGACTGTTCGCTCAA-1,1
TGGAGAATAATCGTCC-1,5
TGGAGCTAAAGTTCCC-1,2
TGGAGTGATGCGATGA-1,6
TGGCAAACTAAATTAC-1,6
TGGCAACTCGCGCGCC-1,6
TGGCAAGCACAAGTCG-1,1
TGGCAATGGGACGGCG-1,4
TGGCACGAGCTCGAGT-1,4
TGGCAGATTACGATCA-1,1
TGGCAGCAGTAATAGT-1,1
TGGCATGAAGTTTGGG-1,5
TGGCCAAACTGAAGTA-1,6
TGGCCAATTTGGTACT-1,7
TGGCCGTATATTGACC-1,6
TGGCGACTGCTCCAAA-1,5
TGGCGATCAAGTTATG-1,1
TGGCGGTGTGCGATTG-1,3
TGGCTACACTCTACCT-1,2
TGGCTATGTGACATAC-1,6
TGGCTCTTGTCGCGTA-1,1
TGGCTTTGGGTAGACA-1,6
TGGGAAATGCCTTTCC-1,2
TGGGATGCACTCATTC-1,4
TGGGCAATAGTTGGGT-1,4
TGGGCACAAACAGAAC-1,4
TGGGCACGTTCTATGG-1,2
TGGGCAGGCCACCGCA-1,4
TGGGCCACAAGAGCGC-1,6
TGGGCCCATACTAATT-1,6
TGGGCCTTGCCTGCAT-1,3
TGGGCGATACAATAAG-1,1
TGGGTAAGGTTCCCGC-1,2
TGGTAAGCAGGATTGA-1,1
TGGTAGAATATATGGG-1,2
TGGTATCGCATCCCAA-1,2
TGGTATCGGTCTGTAT-1,2
TGGTCCCACGCTACGG-1,1
TGGTCTGTTGGGCGTA-1,1
TGGTGATCGTATTTGT-1,2
TGGTTAACTTACATTT-1,5
TGGTTCAACGGGTAAT-1,1
TGGTTCGTAGCAAAGG-1,6
TGGTTGGAGGATCCTG-1,2
TGGTTTAAACGTGGGT-1,4
TGTAACTTGTCAACCT-1,3
TGTAATGACCACAATA-1,6
TGTACCCGACCCTAAT-1,5
TGTACCTACACGAGGG-1,2
TGTACGAACAAATCCG-1,1
TGTACGCTATCAGCTT-1,4
TGTACTGTGCCAAAGT-1,3
TGTAGCCATCCCATTC-1,4
TGTAGGAGAAATTTCC-1,6
TGTAGTGATCTATAAT-1,1
TGTATAACAGATCCTG-1,6
TGTATCCTTATTCCAT-1,2
TGTATGGCGCAGACAG-1,2
TGTATTTACCTAATGC-1,4
TGTCATTTGTTGGGAA-1,4
TGTCCACGGCTCAACT-1,4
TGTCCCGACATAGCAC-1,2
TGTCCGTGGCGCCTTT-1,2
TGTCCTAAGTCACCGC-1,6
TGTCGGCATGGTGGAA-1,3
TGTCGTTATCACATAT-1,5
TGTCTACAGTTTCTGT-1,2
TGTGACTACGCCAGTC-1,6
TGTGAGACTAGCCCAA-1,1
TGTGATTCCAGCGCTT-1,4
TGTGCCGGTGCCGGAA-1,2
TGTGCTTTACGTAAGA-1,6
TGTGGAGGAAGCTTAA-1,3
TGTGGCAAAGCGTATG-1,6
TGTGGCGGGCTTCTGG-1,1
TGTGGCTCCCACCAAC-1,4
TGTGGTTGCTAAAGCT-1,1
TGTGTCGCGAGTTGCA-1,2
TGTGTTCGTATCCAAG-1,6
TGTTATTGTATGTGGC-1,6
TGTTCCGCTTCCATGA-1,1
TGTTCCGGCCTGAGCT-1,1
TGTTCGTATTGCGGTG-1,1
TGTTCTTCCATTGACT-1,1
TGTTGTCAAGAAGTCT-1,6
TGTTTAATACTTCATC-1,2
TGTTTCGGTACTTCTC-1,6
TGTTTCTGAAGCGTGC-1,5
TGTTTGAGATCGTCAG-1,4
TTAAACAGAGTCCCGC-1,3
TTAAACCGGTAGCGAC-1,4
TTAAACCTGGTTCCTT-1,2
TTAAACTCGAATTCAT-1,2
TTAACACCTCGAACAT-1,2
TTAACCAACCCTCCCT-1,6
TTAACGTCGCAAGACC-1,2
TTAACTCACGCGTGGA-1,2
TTAACTTCAGGTAGGA-1,5
TTAAGACGAACGAACC-1,4
TTAAGATAGGATTGAC-1,2
TTAAGCCGACAACTTC-1,2
TTAAGCGCCTGACCCA-1,1
TTAAGGATACGGAGGT-1,3
TTAAGGCCCGTACTTT-1,5
TTAAGTATTGTTATCC-1,2
TTAATCAGTACGTCAG-1,6
TTAATGCGAGGTAACT-1,4
TTAATGTAGACCAGGT-1,1
TTAATTGCTTTGGGTG-1,6
TTAATTTCAGACGCGG-1,6
TTACAACTACGCATCC-1,6
TTACACGATCTGCGAC-1,4
TTACAGACCTAAATGA-1,2
TTACATCGTGGCCTGG-1,2
TTACATGCCACAACTA-1,2
TTACCATTGATTACCC-1,6
TTACCCATTGCCGGGT-1,2
TTACCCTAACAGTCCT-1,2
TTACCCTAGGGATTGG-1,1
TTACCGCCTTAGGGAA-1,3
TTACGGATGGTTCGAG-1,2
TTACGGTGTCACCGAG-1,3
TTACGTAGCGCGTGCT-1,4
TTACTAAAGGACTTTA-1,6
TTACTATCGGCTTCTC-1,6
TTACTCCGGCCGGGAA-1,1
TTACTCTGGTACGTAC-1,1
TTACTGGGATATTTCA-1,1
TTACTGTTTCTCTACG-1,4
TTAGAAGAACATGACT-1,1
TTAGAATAAGGGTCGG-1,5
TTAGACACGATCGTTG-1,2
TTAGACGAGTCACCTC-1,6
TTAGAGTTTAGAAGGA-1,6
TTAGATAGGTCGATAC-1,3
TTAGCAACATGGATGT-1,2
TTAGCTAATACGATCT-1,2
TTAGCTCTGTAATCCG-1,2
TTAGCTGATTTGCCGT-1,2
TTAGGTCATAACCGAC-1,5
TTAGTAAACCTGCTCT-1,2
TTAGTAGGGCGGCGGG-1,6
TTAGTTATTCGTGGCA-1,2
TTAGTTCAAGTGTTCG-1,4
TTATAGATGCACATTA-1,3
TTATAGGTAATTGTCT-1,6
TTATATACGCTGTCAC-1,1
TTATATTTGGCAATCC-1,1
TTATCCAATCGAACTC-1,4
TTATCCGGGATCTATA-1,6
TTATCCTCAAGGAATA-1,5
TTATCGCCTGCGAAGC-1,2
TTATCTGACATTAGGA-1,1
TTATCTGTATCATAAC-1,6
TTATGAATGAAAGGGA-1,1
TTATGACAAACTGGAT-1,6
TTATGATCTTAACGAA-1,6
TTATGCGTCCCGGTCC-1,3
TTATGTTTGCGATAGA-1,2
TTATTAGAGCGTGTTC-1,1
TTATTAGGGAAGCATC-1,2
TTATTTCATCCCAAAC-1,3
TTCAAAGTCTCTAGCC-1,1
TTCAACGACCCGACCG-1,6
TTCAAGCCGAGCTGAG-1,2
TTCAATACTCTGAATC-1,6
TTCAATTAGCCATAAT-1,2
TTCACGAAAGGATCAC-1,1
TTCACTCGAGCACCTA-1,1
TTCACTTCCTAGAACG-1,1
TTCAGAGTAACCTGAC-1,3
TTCAGCCCTGGTCCAC-1,6
TTCAGCTGGCGTGCCC-1,2
TTCAGGCGTCAAAGCC-1,1
TTCAGTTCAAGAGGAG-1,5
TTCATAGCCTTGTAAC-1,3
TTCATGGCGCAACAGG-1,6
TTCCAATCAGAGCTAG-1,2
TTCCAATCTGGCTATC-1,5
TTCCACACAGATTTGA-1,5
TTCCACATTTCTCGTC-1,4
TTCCAGACGAGATTTA-1,4
TTCCATCATGCGGTGA-1,2
TTCCATCGACAGCGTG-1,4
TTCCCGACGCTTCACT-1,4
TTCCCGGCGCCAATAG-1,1
TTCCGCAGAGAAATAT-1,2
TTCCGCGTGAGGCGAT-1,1
TTCCGGCCTTGAGGCT-1,5
TTCCGGCTCGACTTCT-1,4
TTCCGGTATCTGTGTC-1,4
TTCCGGTTACCCACTT-1,6
TTCCTCGAGGGTGTCT-1,6
TTCCTCGGACTAACCA-1,6
TTCCTCTGCCCGAATA-1,6
TTCCTTTCTGTGTTGC-1,3
TTCGACAGAGCCCGTG-1,1
TTCGACGGGAAGGGCG-1,6
TTCGCACTCGCGTGCT-1,6
TTCGCACTGTACGACA-1,1
TTCGCATCCGGAAGCA-1,3
TTCGCCGCTCGCGCTA-1,5
TTCGCGCGCCATACGA-1,5
TTCGCTAGGAAGTTGT-1,4
TTCGCTATCTGACGTG-1,2
TTCGGACTGATGCCTT-1,4
TTCGGACTGGGCATGG-1,5
TTCGGCAACCCGCTGA-1,2
TTCGGCTAGAGATGGT-1,2
TTCGGGACTAATCGCG-1,1
TTCGGGCGCTAGTCTT-1,5
TTCGGTACTGTAGAGG-1,1
TTCGTAATCCCAGCGG-1,2
TTCGTACTCCAGAACG-1,6
TTCGTTCAACGAAGTT-1,2
TTCTAACCGAAGCTTA-1,6
TTCTACCTCAATCGGT-1,5
TTCTACCTTTATGTTG-1,2
TTCTACTTGCGAGGGC-1,2
TTCTAGAAAGTCTTAT-1,5
TTCTAGGCCAATTGTG-1,6
TTCTATTAAACGCAGC-1,1
TTCTCTTACAGGTGAT-1,5
TTCTGACCGGGCTCAA-1,6
TTCTGCCGCGCCTAGA-1,1
TTCTGCGAGCGCCCTT-1,6
TTCTGCGGGTTAGCGG-1,6
TTCTGCTAGACTCCAA-1,2
TTCTTAGTGAACGGTG-1,2
TTCTTAGTGGCTCAGA-1,6
TTCTTATCCGCTGGGT-1,2
TTCTTCCCTTTGATAT-1,4
TTCTTCGCAATAGAGC-1,4
TTCTTGAGCCGCGCTA-1,5
TTCTTGCTAGCATCTC-1,4
TTCTTGGACGATCTGC-1,5
TTCTTGGAGTAATGAG-1,6
TTCTTGTAACCTAATG-1,2
TTCTTTGGTCGCGACG-1,2
TTGAAAGGTGTAAAGG-1,4
TTGAACGAATCCTTTG-1,2
TTGAACGACGTGCTGA-1,2
TTGAAGAATTCCCAGG-1,1
TTGAAGGATGGGCGCC-1,5
TTGAATATGGACTTTC-1,1
TTGAATCGTTGTATAA-1,7
TTGAATTCACGTGAGG-1,2
TTGACAGGAGCTCCCG-1,2
TTGACATGAACGTGGA-1,1
TTGACCAGGAACAACT-1,6
TTGACCATGTTCTCCG-1,6
TTGACCGTGTTAATGA-1,5
TTGACGATTCAGCACG-1,4
TTGACGCTCCATGAGC-1,2
TTGACTACCATATGGT-1,5
TTGACTATTGTCCGGC-1,2
TTGAGAAGTTTAGCAT-1,2
TTGAGAGTACTGCTAA-1,5
TTGAGCAGCCCACGGT-1,4
TTGAGCGCCACGTGAT-1,4
TTGAGGCATTTAACTC-1,2
TTGATCTAACTTTGTC-1,1
TTGATGTGTAGTCCCG-1,6
TTGATTAGCTGTTTCT-1,5
TTGATTATGCAGATGA-1,6
TTGCAAGAAGACTCCT-1,1
TTGCACAATTCAGAAA-1,1
TTGCACGGAGCAGCAC-1,6
TTGCATGCTGATCACG-1,1
TTGCCAAGCAGAACCC-1,4
TTGCCATAGCCCGCTC-1,5
TTGCCCTGATCACGGG-1,1
TTGCCGCAGACCTACA-1,5
TTGCCGCTTTCTAGTA-1,6
TTGCCGGTGATCCCTC-1,4
TTGCCTAATCCAAAGT-1,5
TTGCGGCATCAGAAAG-1,5
TTGCGGCGACTCATGC-1,4
TTGCGTAGTTTGAGGA-1,2
TTGCGTCGGCCAACCG-1,5
TTGCGTGAACGCTTAG-1,2
TTGCTAGCTACCAATC-1,3
TTGCTCCCATACCGGA-1,6
TTGCTGAAGGAACCAC-1,6
TTGCTGATCATGTTCG-1,1
TTGCTGCACCTATCCA-1,2
TTGCTGGCCGGGCTTC-1,2
TTGGAAGAATACAGTC-1,5
TTGGACATGTGGCTTA-1,1
TTGGACCATCTGGCAA-1,2
TTGGACCTATAACAGT-1,2
TTGGAGTCTCCCTTCT-1,4
TTGGATATCGTCTACG-1,5
TTGGATCGACTTCTGG-1,2
TTGGATTGGGTACCAC-1,2
TTGGCCATCTTGCGCT-1,2
TTGGCCTAGAATTTCG-1,2
TTGGCTCGCATGAGAC-1,2
TTGGGAAGACGAGCCG-1,1
TTGGGACACTGCCCGC-1,1
TTGGGACGTAAGAGTT-1,4
TTGGGCGGCGGTTGCC-1,1
TTGGTCACACTCGTAA-1,5
TTGGTTGCGGTGCGCG-1,5
TTGTAAGGACCTAAGT-1,5
TTGTAAGGCCAGTTGG-1,6
TTGTAATCCGTACTCG-1,1
TTGTATCACACAGAAT-1,2
TTGTCGTTCAGTTACC-1,6
TTGTGAACCTAATCCG-1,2
TTGTGAGGCATGACGC-1,1
TTGTGCAGCCACGTCA-1,6
TTGTGGCCCTGACAGT-1,6
TTGTGGTAGGAGGGAT-1,5
TTGTGGTGGTACTAAG-1,2
TTGTGTATGCCACCAA-1,1
TTGTGTTTCCCGAAAG-1,1
TTGTTAGCAAATTCGA-1,2
TTGTTCAGTGTGCTAC-1,6
TTGTTGTGTGTCAAGA-1,1
TTGTTTCACATCCAGG-1,5
TTGTTTCATTAGTCTA-1,5
TTGTTTCCATACAACT-1,1
TTGTTTGTATTACACG-1,5
TTGTTTGTGTAAATTC-1,4
